order_date;year;quarter;month;day;weekday;year_quarter;year_month;month_name;day_name;last_year_date;previous_eom_date
01-01-2018;2018;1;1;1;1;20181;201801;janvier;Monday;01-01-2017;31-12-2017
02-01-2018;2018;1;1;2;2;20181;201801;janvier;Tuesday;02-01-2017;31-12-2017
03-01-2018;2018;1;1;3;3;20181;201801;janvier;Wednesday;03-01-2017;31-12-2017
04-01-2018;2018;1;1;4;4;20181;201801;janvier;Thursday;04-01-2017;31-12-2017
05-01-2018;2018;1;1;5;5;20181;201801;janvier;Friday;05-01-2017;31-12-2017
06-01-2018;2018;1;1;6;6;20181;201801;janvier;Saturday;06-01-2017;31-12-2017
07-01-2018;2018;1;1;7;7;20181;201801;janvier;Sunday;07-01-2017;31-12-2017
08-01-2018;2018;1;1;8;1;20181;201801;janvier;Monday;08-01-2017;31-12-2017
09-01-2018;2018;1;1;9;2;20181;201801;janvier;Tuesday;09-01-2017;31-12-2017
10-01-2018;2018;1;1;10;3;20181;201801;janvier;Wednesday;10-01-2017;31-12-2017
11-01-2018;2018;1;1;11;4;20181;201801;janvier;Thursday;11-01-2017;31-12-2017
12-01-2018;2018;1;1;12;5;20181;201801;janvier;Friday;12-01-2017;31-12-2017
13-01-2018;2018;1;1;13;6;20181;201801;janvier;Saturday;13-01-2017;31-12-2017
14-01-2018;2018;1;1;14;7;20181;201801;janvier;Sunday;14-01-2017;31-12-2017
15-01-2018;2018;1;1;15;1;20181;201801;janvier;Monday;15-01-2017;31-12-2017
16-01-2018;2018;1;1;16;2;20181;201801;janvier;Tuesday;16-01-2017;31-12-2017
17-01-2018;2018;1;1;17;3;20181;201801;janvier;Wednesday;17-01-2017;31-12-2017
18-01-2018;2018;1;1;18;4;20181;201801;janvier;Thursday;18-01-2017;31-12-2017
19-01-2018;2018;1;1;19;5;20181;201801;janvier;Friday;19-01-2017;31-12-2017
20-01-2018;2018;1;1;20;6;20181;201801;janvier;Saturday;20-01-2017;31-12-2017
21-01-2018;2018;1;1;21;7;20181;201801;janvier;Sunday;21-01-2017;31-12-2017
22-01-2018;2018;1;1;22;1;20181;201801;janvier;Monday;22-01-2017;31-12-2017
23-01-2018;2018;1;1;23;2;20181;201801;janvier;Tuesday;23-01-2017;31-12-2017
24-01-2018;2018;1;1;24;3;20181;201801;janvier;Wednesday;24-01-2017;31-12-2017
25-01-2018;2018;1;1;25;4;20181;201801;janvier;Thursday;25-01-2017;31-12-2017
26-01-2018;2018;1;1;26;5;20181;201801;janvier;Friday;26-01-2017;31-12-2017
27-01-2018;2018;1;1;27;6;20181;201801;janvier;Saturday;27-01-2017;31-12-2017
28-01-2018;2018;1;1;28;7;20181;201801;janvier;Sunday;28-01-2017;31-12-2017
29-01-2018;2018;1;1;29;1;20181;201801;janvier;Monday;29-01-2017;31-12-2017
30-01-2018;2018;1;1;30;2;20181;201801;janvier;Tuesday;30-01-2017;31-12-2017
31-01-2018;2018;1;1;31;3;20181;201801;janvier;Wednesday;31-01-2017;31-12-2017
01-02-2018;2018;1;2;1;4;20181;201802;février;Thursday;01-02-2017;31-01-2018
02-02-2018;2018;1;2;2;5;20181;201802;février;Friday;02-02-2017;31-01-2018
03-02-2018;2018;1;2;3;6;20181;201802;février;Saturday;03-02-2017;31-01-2018
04-02-2018;2018;1;2;4;7;20181;201802;février;Sunday;04-02-2017;31-01-2018
05-02-2018;2018;1;2;5;1;20181;201802;février;Monday;05-02-2017;31-01-2018
06-02-2018;2018;1;2;6;2;20181;201802;février;Tuesday;06-02-2017;31-01-2018
07-02-2018;2018;1;2;7;3;20181;201802;février;Wednesday;07-02-2017;31-01-2018
08-02-2018;2018;1;2;8;4;20181;201802;février;Thursday;08-02-2017;31-01-2018
09-02-2018;2018;1;2;9;5;20181;201802;février;Friday;09-02-2017;31-01-2018
10-02-2018;2018;1;2;10;6;20181;201802;février;Saturday;10-02-2017;31-01-2018
11-02-2018;2018;1;2;11;7;20181;201802;février;Sunday;11-02-2017;31-01-2018
12-02-2018;2018;1;2;12;1;20181;201802;février;Monday;12-02-2017;31-01-2018
13-02-2018;2018;1;2;13;2;20181;201802;février;Tuesday;13-02-2017;31-01-2018
14-02-2018;2018;1;2;14;3;20181;201802;février;Wednesday;14-02-2017;31-01-2018
15-02-2018;2018;1;2;15;4;20181;201802;février;Thursday;15-02-2017;31-01-2018
16-02-2018;2018;1;2;16;5;20181;201802;février;Friday;16-02-2017;31-01-2018
17-02-2018;2018;1;2;17;6;20181;201802;février;Saturday;17-02-2017;31-01-2018
18-02-2018;2018;1;2;18;7;20181;201802;février;Sunday;18-02-2017;31-01-2018
19-02-2018;2018;1;2;19;1;20181;201802;février;Monday;19-02-2017;31-01-2018
20-02-2018;2018;1;2;20;2;20181;201802;février;Tuesday;20-02-2017;31-01-2018
21-02-2018;2018;1;2;21;3;20181;201802;février;Wednesday;21-02-2017;31-01-2018
22-02-2018;2018;1;2;22;4;20181;201802;février;Thursday;22-02-2017;31-01-2018
23-02-2018;2018;1;2;23;5;20181;201802;février;Friday;23-02-2017;31-01-2018
24-02-2018;2018;1;2;24;6;20181;201802;février;Saturday;24-02-2017;31-01-2018
25-02-2018;2018;1;2;25;7;20181;201802;février;Sunday;25-02-2017;31-01-2018
26-02-2018;2018;1;2;26;1;20181;201802;février;Monday;26-02-2017;31-01-2018
27-02-2018;2018;1;2;27;2;20181;201802;février;Tuesday;27-02-2017;31-01-2018
28-02-2018;2018;1;2;28;3;20181;201802;février;Wednesday;28-02-2017;31-01-2018
01-03-2018;2018;1;3;1;4;20181;201803;mars;Thursday;01-03-2017;28-02-2018
02-03-2018;2018;1;3;2;5;20181;201803;mars;Friday;02-03-2017;28-02-2018
03-03-2018;2018;1;3;3;6;20181;201803;mars;Saturday;03-03-2017;28-02-2018
04-03-2018;2018;1;3;4;7;20181;201803;mars;Sunday;04-03-2017;28-02-2018
05-03-2018;2018;1;3;5;1;20181;201803;mars;Monday;05-03-2017;28-02-2018
06-03-2018;2018;1;3;6;2;20181;201803;mars;Tuesday;06-03-2017;28-02-2018
07-03-2018;2018;1;3;7;3;20181;201803;mars;Wednesday;07-03-2017;28-02-2018
08-03-2018;2018;1;3;8;4;20181;201803;mars;Thursday;08-03-2017;28-02-2018
09-03-2018;2018;1;3;9;5;20181;201803;mars;Friday;09-03-2017;28-02-2018
10-03-2018;2018;1;3;10;6;20181;201803;mars;Saturday;10-03-2017;28-02-2018
11-03-2018;2018;1;3;11;7;20181;201803;mars;Sunday;11-03-2017;28-02-2018
12-03-2018;2018;1;3;12;1;20181;201803;mars;Monday;12-03-2017;28-02-2018
13-03-2018;2018;1;3;13;2;20181;201803;mars;Tuesday;13-03-2017;28-02-2018
14-03-2018;2018;1;3;14;3;20181;201803;mars;Wednesday;14-03-2017;28-02-2018
15-03-2018;2018;1;3;15;4;20181;201803;mars;Thursday;15-03-2017;28-02-2018
16-03-2018;2018;1;3;16;5;20181;201803;mars;Friday;16-03-2017;28-02-2018
17-03-2018;2018;1;3;17;6;20181;201803;mars;Saturday;17-03-2017;28-02-2018
18-03-2018;2018;1;3;18;7;20181;201803;mars;Sunday;18-03-2017;28-02-2018
19-03-2018;2018;1;3;19;1;20181;201803;mars;Monday;19-03-2017;28-02-2018
20-03-2018;2018;1;3;20;2;20181;201803;mars;Tuesday;20-03-2017;28-02-2018
21-03-2018;2018;1;3;21;3;20181;201803;mars;Wednesday;21-03-2017;28-02-2018
22-03-2018;2018;1;3;22;4;20181;201803;mars;Thursday;22-03-2017;28-02-2018
23-03-2018;2018;1;3;23;5;20181;201803;mars;Friday;23-03-2017;28-02-2018
24-03-2018;2018;1;3;24;6;20181;201803;mars;Saturday;24-03-2017;28-02-2018
25-03-2018;2018;1;3;25;7;20181;201803;mars;Sunday;25-03-2017;28-02-2018
26-03-2018;2018;1;3;26;1;20181;201803;mars;Monday;26-03-2017;28-02-2018
27-03-2018;2018;1;3;27;2;20181;201803;mars;Tuesday;27-03-2017;28-02-2018
28-03-2018;2018;1;3;28;3;20181;201803;mars;Wednesday;28-03-2017;28-02-2018
29-03-2018;2018;1;3;29;4;20181;201803;mars;Thursday;29-03-2017;28-02-2018
30-03-2018;2018;1;3;30;5;20181;201803;mars;Friday;30-03-2017;28-02-2018
31-03-2018;2018;1;3;31;6;20181;201803;mars;Saturday;31-03-2017;28-02-2018
01-04-2018;2018;2;4;1;7;20182;201804;avril;Sunday;01-04-2017;31-03-2018
02-04-2018;2018;2;4;2;1;20182;201804;avril;Monday;02-04-2017;31-03-2018
03-04-2018;2018;2;4;3;2;20182;201804;avril;Tuesday;03-04-2017;31-03-2018
04-04-2018;2018;2;4;4;3;20182;201804;avril;Wednesday;04-04-2017;31-03-2018
05-04-2018;2018;2;4;5;4;20182;201804;avril;Thursday;05-04-2017;31-03-2018
06-04-2018;2018;2;4;6;5;20182;201804;avril;Friday;06-04-2017;31-03-2018
07-04-2018;2018;2;4;7;6;20182;201804;avril;Saturday;07-04-2017;31-03-2018
08-04-2018;2018;2;4;8;7;20182;201804;avril;Sunday;08-04-2017;31-03-2018
09-04-2018;2018;2;4;9;1;20182;201804;avril;Monday;09-04-2017;31-03-2018
10-04-2018;2018;2;4;10;2;20182;201804;avril;Tuesday;10-04-2017;31-03-2018
11-04-2018;2018;2;4;11;3;20182;201804;avril;Wednesday;11-04-2017;31-03-2018
12-04-2018;2018;2;4;12;4;20182;201804;avril;Thursday;12-04-2017;31-03-2018
13-04-2018;2018;2;4;13;5;20182;201804;avril;Friday;13-04-2017;31-03-2018
14-04-2018;2018;2;4;14;6;20182;201804;avril;Saturday;14-04-2017;31-03-2018
15-04-2018;2018;2;4;15;7;20182;201804;avril;Sunday;15-04-2017;31-03-2018
16-04-2018;2018;2;4;16;1;20182;201804;avril;Monday;16-04-2017;31-03-2018
17-04-2018;2018;2;4;17;2;20182;201804;avril;Tuesday;17-04-2017;31-03-2018
18-04-2018;2018;2;4;18;3;20182;201804;avril;Wednesday;18-04-2017;31-03-2018
19-04-2018;2018;2;4;19;4;20182;201804;avril;Thursday;19-04-2017;31-03-2018
20-04-2018;2018;2;4;20;5;20182;201804;avril;Friday;20-04-2017;31-03-2018
21-04-2018;2018;2;4;21;6;20182;201804;avril;Saturday;21-04-2017;31-03-2018
22-04-2018;2018;2;4;22;7;20182;201804;avril;Sunday;22-04-2017;31-03-2018
23-04-2018;2018;2;4;23;1;20182;201804;avril;Monday;23-04-2017;31-03-2018
24-04-2018;2018;2;4;24;2;20182;201804;avril;Tuesday;24-04-2017;31-03-2018
25-04-2018;2018;2;4;25;3;20182;201804;avril;Wednesday;25-04-2017;31-03-2018
26-04-2018;2018;2;4;26;4;20182;201804;avril;Thursday;26-04-2017;31-03-2018
27-04-2018;2018;2;4;27;5;20182;201804;avril;Friday;27-04-2017;31-03-2018
28-04-2018;2018;2;4;28;6;20182;201804;avril;Saturday;28-04-2017;31-03-2018
29-04-2018;2018;2;4;29;7;20182;201804;avril;Sunday;29-04-2017;31-03-2018
30-04-2018;2018;2;4;30;1;20182;201804;avril;Monday;30-04-2017;31-03-2018
01-05-2018;2018;2;5;1;2;20182;201805;mai;Tuesday;01-05-2017;30-04-2018
02-05-2018;2018;2;5;2;3;20182;201805;mai;Wednesday;02-05-2017;30-04-2018
03-05-2018;2018;2;5;3;4;20182;201805;mai;Thursday;03-05-2017;30-04-2018
04-05-2018;2018;2;5;4;5;20182;201805;mai;Friday;04-05-2017;30-04-2018
05-05-2018;2018;2;5;5;6;20182;201805;mai;Saturday;05-05-2017;30-04-2018
06-05-2018;2018;2;5;6;7;20182;201805;mai;Sunday;06-05-2017;30-04-2018
07-05-2018;2018;2;5;7;1;20182;201805;mai;Monday;07-05-2017;30-04-2018
08-05-2018;2018;2;5;8;2;20182;201805;mai;Tuesday;08-05-2017;30-04-2018
09-05-2018;2018;2;5;9;3;20182;201805;mai;Wednesday;09-05-2017;30-04-2018
10-05-2018;2018;2;5;10;4;20182;201805;mai;Thursday;10-05-2017;30-04-2018
11-05-2018;2018;2;5;11;5;20182;201805;mai;Friday;11-05-2017;30-04-2018
12-05-2018;2018;2;5;12;6;20182;201805;mai;Saturday;12-05-2017;30-04-2018
13-05-2018;2018;2;5;13;7;20182;201805;mai;Sunday;13-05-2017;30-04-2018
14-05-2018;2018;2;5;14;1;20182;201805;mai;Monday;14-05-2017;30-04-2018
15-05-2018;2018;2;5;15;2;20182;201805;mai;Tuesday;15-05-2017;30-04-2018
16-05-2018;2018;2;5;16;3;20182;201805;mai;Wednesday;16-05-2017;30-04-2018
17-05-2018;2018;2;5;17;4;20182;201805;mai;Thursday;17-05-2017;30-04-2018
18-05-2018;2018;2;5;18;5;20182;201805;mai;Friday;18-05-2017;30-04-2018
19-05-2018;2018;2;5;19;6;20182;201805;mai;Saturday;19-05-2017;30-04-2018
20-05-2018;2018;2;5;20;7;20182;201805;mai;Sunday;20-05-2017;30-04-2018
21-05-2018;2018;2;5;21;1;20182;201805;mai;Monday;21-05-2017;30-04-2018
22-05-2018;2018;2;5;22;2;20182;201805;mai;Tuesday;22-05-2017;30-04-2018
23-05-2018;2018;2;5;23;3;20182;201805;mai;Wednesday;23-05-2017;30-04-2018
24-05-2018;2018;2;5;24;4;20182;201805;mai;Thursday;24-05-2017;30-04-2018
25-05-2018;2018;2;5;25;5;20182;201805;mai;Friday;25-05-2017;30-04-2018
26-05-2018;2018;2;5;26;6;20182;201805;mai;Saturday;26-05-2017;30-04-2018
27-05-2018;2018;2;5;27;7;20182;201805;mai;Sunday;27-05-2017;30-04-2018
28-05-2018;2018;2;5;28;1;20182;201805;mai;Monday;28-05-2017;30-04-2018
29-05-2018;2018;2;5;29;2;20182;201805;mai;Tuesday;29-05-2017;30-04-2018
30-05-2018;2018;2;5;30;3;20182;201805;mai;Wednesday;30-05-2017;30-04-2018
31-05-2018;2018;2;5;31;4;20182;201805;mai;Thursday;31-05-2017;30-04-2018
01-06-2018;2018;2;6;1;5;20182;201806;juin;Friday;01-06-2017;31-05-2018
02-06-2018;2018;2;6;2;6;20182;201806;juin;Saturday;02-06-2017;31-05-2018
03-06-2018;2018;2;6;3;7;20182;201806;juin;Sunday;03-06-2017;31-05-2018
04-06-2018;2018;2;6;4;1;20182;201806;juin;Monday;04-06-2017;31-05-2018
05-06-2018;2018;2;6;5;2;20182;201806;juin;Tuesday;05-06-2017;31-05-2018
06-06-2018;2018;2;6;6;3;20182;201806;juin;Wednesday;06-06-2017;31-05-2018
07-06-2018;2018;2;6;7;4;20182;201806;juin;Thursday;07-06-2017;31-05-2018
08-06-2018;2018;2;6;8;5;20182;201806;juin;Friday;08-06-2017;31-05-2018
09-06-2018;2018;2;6;9;6;20182;201806;juin;Saturday;09-06-2017;31-05-2018
10-06-2018;2018;2;6;10;7;20182;201806;juin;Sunday;10-06-2017;31-05-2018
11-06-2018;2018;2;6;11;1;20182;201806;juin;Monday;11-06-2017;31-05-2018
12-06-2018;2018;2;6;12;2;20182;201806;juin;Tuesday;12-06-2017;31-05-2018
13-06-2018;2018;2;6;13;3;20182;201806;juin;Wednesday;13-06-2017;31-05-2018
14-06-2018;2018;2;6;14;4;20182;201806;juin;Thursday;14-06-2017;31-05-2018
15-06-2018;2018;2;6;15;5;20182;201806;juin;Friday;15-06-2017;31-05-2018
16-06-2018;2018;2;6;16;6;20182;201806;juin;Saturday;16-06-2017;31-05-2018
17-06-2018;2018;2;6;17;7;20182;201806;juin;Sunday;17-06-2017;31-05-2018
18-06-2018;2018;2;6;18;1;20182;201806;juin;Monday;18-06-2017;31-05-2018
19-06-2018;2018;2;6;19;2;20182;201806;juin;Tuesday;19-06-2017;31-05-2018
20-06-2018;2018;2;6;20;3;20182;201806;juin;Wednesday;20-06-2017;31-05-2018
21-06-2018;2018;2;6;21;4;20182;201806;juin;Thursday;21-06-2017;31-05-2018
22-06-2018;2018;2;6;22;5;20182;201806;juin;Friday;22-06-2017;31-05-2018
23-06-2018;2018;2;6;23;6;20182;201806;juin;Saturday;23-06-2017;31-05-2018
24-06-2018;2018;2;6;24;7;20182;201806;juin;Sunday;24-06-2017;31-05-2018
25-06-2018;2018;2;6;25;1;20182;201806;juin;Monday;25-06-2017;31-05-2018
26-06-2018;2018;2;6;26;2;20182;201806;juin;Tuesday;26-06-2017;31-05-2018
27-06-2018;2018;2;6;27;3;20182;201806;juin;Wednesday;27-06-2017;31-05-2018
28-06-2018;2018;2;6;28;4;20182;201806;juin;Thursday;28-06-2017;31-05-2018
29-06-2018;2018;2;6;29;5;20182;201806;juin;Friday;29-06-2017;31-05-2018
30-06-2018;2018;2;6;30;6;20182;201806;juin;Saturday;30-06-2017;31-05-2018
01-07-2018;2018;3;7;1;7;20183;201807;juillet;Sunday;01-07-2017;30-06-2018
02-07-2018;2018;3;7;2;1;20183;201807;juillet;Monday;02-07-2017;30-06-2018
03-07-2018;2018;3;7;3;2;20183;201807;juillet;Tuesday;03-07-2017;30-06-2018
04-07-2018;2018;3;7;4;3;20183;201807;juillet;Wednesday;04-07-2017;30-06-2018
05-07-2018;2018;3;7;5;4;20183;201807;juillet;Thursday;05-07-2017;30-06-2018
06-07-2018;2018;3;7;6;5;20183;201807;juillet;Friday;06-07-2017;30-06-2018
07-07-2018;2018;3;7;7;6;20183;201807;juillet;Saturday;07-07-2017;30-06-2018
08-07-2018;2018;3;7;8;7;20183;201807;juillet;Sunday;08-07-2017;30-06-2018
09-07-2018;2018;3;7;9;1;20183;201807;juillet;Monday;09-07-2017;30-06-2018
10-07-2018;2018;3;7;10;2;20183;201807;juillet;Tuesday;10-07-2017;30-06-2018
11-07-2018;2018;3;7;11;3;20183;201807;juillet;Wednesday;11-07-2017;30-06-2018
12-07-2018;2018;3;7;12;4;20183;201807;juillet;Thursday;12-07-2017;30-06-2018
13-07-2018;2018;3;7;13;5;20183;201807;juillet;Friday;13-07-2017;30-06-2018
14-07-2018;2018;3;7;14;6;20183;201807;juillet;Saturday;14-07-2017;30-06-2018
15-07-2018;2018;3;7;15;7;20183;201807;juillet;Sunday;15-07-2017;30-06-2018
16-07-2018;2018;3;7;16;1;20183;201807;juillet;Monday;16-07-2017;30-06-2018
17-07-2018;2018;3;7;17;2;20183;201807;juillet;Tuesday;17-07-2017;30-06-2018
18-07-2018;2018;3;7;18;3;20183;201807;juillet;Wednesday;18-07-2017;30-06-2018
19-07-2018;2018;3;7;19;4;20183;201807;juillet;Thursday;19-07-2017;30-06-2018
20-07-2018;2018;3;7;20;5;20183;201807;juillet;Friday;20-07-2017;30-06-2018
21-07-2018;2018;3;7;21;6;20183;201807;juillet;Saturday;21-07-2017;30-06-2018
22-07-2018;2018;3;7;22;7;20183;201807;juillet;Sunday;22-07-2017;30-06-2018
23-07-2018;2018;3;7;23;1;20183;201807;juillet;Monday;23-07-2017;30-06-2018
24-07-2018;2018;3;7;24;2;20183;201807;juillet;Tuesday;24-07-2017;30-06-2018
25-07-2018;2018;3;7;25;3;20183;201807;juillet;Wednesday;25-07-2017;30-06-2018
26-07-2018;2018;3;7;26;4;20183;201807;juillet;Thursday;26-07-2017;30-06-2018
27-07-2018;2018;3;7;27;5;20183;201807;juillet;Friday;27-07-2017;30-06-2018
28-07-2018;2018;3;7;28;6;20183;201807;juillet;Saturday;28-07-2017;30-06-2018
29-07-2018;2018;3;7;29;7;20183;201807;juillet;Sunday;29-07-2017;30-06-2018
30-07-2018;2018;3;7;30;1;20183;201807;juillet;Monday;30-07-2017;30-06-2018
31-07-2018;2018;3;7;31;2;20183;201807;juillet;Tuesday;31-07-2017;30-06-2018
01-08-2018;2018;3;8;1;3;20183;201808;août;Wednesday;01-08-2017;31-07-2018
02-08-2018;2018;3;8;2;4;20183;201808;août;Thursday;02-08-2017;31-07-2018
03-08-2018;2018;3;8;3;5;20183;201808;août;Friday;03-08-2017;31-07-2018
04-08-2018;2018;3;8;4;6;20183;201808;août;Saturday;04-08-2017;31-07-2018
05-08-2018;2018;3;8;5;7;20183;201808;août;Sunday;05-08-2017;31-07-2018
06-08-2018;2018;3;8;6;1;20183;201808;août;Monday;06-08-2017;31-07-2018
07-08-2018;2018;3;8;7;2;20183;201808;août;Tuesday;07-08-2017;31-07-2018
08-08-2018;2018;3;8;8;3;20183;201808;août;Wednesday;08-08-2017;31-07-2018
09-08-2018;2018;3;8;9;4;20183;201808;août;Thursday;09-08-2017;31-07-2018
10-08-2018;2018;3;8;10;5;20183;201808;août;Friday;10-08-2017;31-07-2018
11-08-2018;2018;3;8;11;6;20183;201808;août;Saturday;11-08-2017;31-07-2018
12-08-2018;2018;3;8;12;7;20183;201808;août;Sunday;12-08-2017;31-07-2018
13-08-2018;2018;3;8;13;1;20183;201808;août;Monday;13-08-2017;31-07-2018
14-08-2018;2018;3;8;14;2;20183;201808;août;Tuesday;14-08-2017;31-07-2018
15-08-2018;2018;3;8;15;3;20183;201808;août;Wednesday;15-08-2017;31-07-2018
16-08-2018;2018;3;8;16;4;20183;201808;août;Thursday;16-08-2017;31-07-2018
17-08-2018;2018;3;8;17;5;20183;201808;août;Friday;17-08-2017;31-07-2018
18-08-2018;2018;3;8;18;6;20183;201808;août;Saturday;18-08-2017;31-07-2018
19-08-2018;2018;3;8;19;7;20183;201808;août;Sunday;19-08-2017;31-07-2018
20-08-2018;2018;3;8;20;1;20183;201808;août;Monday;20-08-2017;31-07-2018
21-08-2018;2018;3;8;21;2;20183;201808;août;Tuesday;21-08-2017;31-07-2018
22-08-2018;2018;3;8;22;3;20183;201808;août;Wednesday;22-08-2017;31-07-2018
23-08-2018;2018;3;8;23;4;20183;201808;août;Thursday;23-08-2017;31-07-2018
24-08-2018;2018;3;8;24;5;20183;201808;août;Friday;24-08-2017;31-07-2018
25-08-2018;2018;3;8;25;6;20183;201808;août;Saturday;25-08-2017;31-07-2018
26-08-2018;2018;3;8;26;7;20183;201808;août;Sunday;26-08-2017;31-07-2018
27-08-2018;2018;3;8;27;1;20183;201808;août;Monday;27-08-2017;31-07-2018
28-08-2018;2018;3;8;28;2;20183;201808;août;Tuesday;28-08-2017;31-07-2018
29-08-2018;2018;3;8;29;3;20183;201808;août;Wednesday;29-08-2017;31-07-2018
30-08-2018;2018;3;8;30;4;20183;201808;août;Thursday;30-08-2017;31-07-2018
31-08-2018;2018;3;8;31;5;20183;201808;août;Friday;31-08-2017;31-07-2018
01-09-2018;2018;3;9;1;6;20183;201809;septembre;Saturday;01-09-2017;31-08-2018
02-09-2018;2018;3;9;2;7;20183;201809;septembre;Sunday;02-09-2017;31-08-2018
03-09-2018;2018;3;9;3;1;20183;201809;septembre;Monday;03-09-2017;31-08-2018
04-09-2018;2018;3;9;4;2;20183;201809;septembre;Tuesday;04-09-2017;31-08-2018
05-09-2018;2018;3;9;5;3;20183;201809;septembre;Wednesday;05-09-2017;31-08-2018
06-09-2018;2018;3;9;6;4;20183;201809;septembre;Thursday;06-09-2017;31-08-2018
07-09-2018;2018;3;9;7;5;20183;201809;septembre;Friday;07-09-2017;31-08-2018
08-09-2018;2018;3;9;8;6;20183;201809;septembre;Saturday;08-09-2017;31-08-2018
09-09-2018;2018;3;9;9;7;20183;201809;septembre;Sunday;09-09-2017;31-08-2018
10-09-2018;2018;3;9;10;1;20183;201809;septembre;Monday;10-09-2017;31-08-2018
11-09-2018;2018;3;9;11;2;20183;201809;septembre;Tuesday;11-09-2017;31-08-2018
12-09-2018;2018;3;9;12;3;20183;201809;septembre;Wednesday;12-09-2017;31-08-2018
13-09-2018;2018;3;9;13;4;20183;201809;septembre;Thursday;13-09-2017;31-08-2018
14-09-2018;2018;3;9;14;5;20183;201809;septembre;Friday;14-09-2017;31-08-2018
15-09-2018;2018;3;9;15;6;20183;201809;septembre;Saturday;15-09-2017;31-08-2018
16-09-2018;2018;3;9;16;7;20183;201809;septembre;Sunday;16-09-2017;31-08-2018
17-09-2018;2018;3;9;17;1;20183;201809;septembre;Monday;17-09-2017;31-08-2018
18-09-2018;2018;3;9;18;2;20183;201809;septembre;Tuesday;18-09-2017;31-08-2018
19-09-2018;2018;3;9;19;3;20183;201809;septembre;Wednesday;19-09-2017;31-08-2018
20-09-2018;2018;3;9;20;4;20183;201809;septembre;Thursday;20-09-2017;31-08-2018
21-09-2018;2018;3;9;21;5;20183;201809;septembre;Friday;21-09-2017;31-08-2018
22-09-2018;2018;3;9;22;6;20183;201809;septembre;Saturday;22-09-2017;31-08-2018
23-09-2018;2018;3;9;23;7;20183;201809;septembre;Sunday;23-09-2017;31-08-2018
24-09-2018;2018;3;9;24;1;20183;201809;septembre;Monday;24-09-2017;31-08-2018
25-09-2018;2018;3;9;25;2;20183;201809;septembre;Tuesday;25-09-2017;31-08-2018
26-09-2018;2018;3;9;26;3;20183;201809;septembre;Wednesday;26-09-2017;31-08-2018
27-09-2018;2018;3;9;27;4;20183;201809;septembre;Thursday;27-09-2017;31-08-2018
28-09-2018;2018;3;9;28;5;20183;201809;septembre;Friday;28-09-2017;31-08-2018
29-09-2018;2018;3;9;29;6;20183;201809;septembre;Saturday;29-09-2017;31-08-2018
30-09-2018;2018;3;9;30;7;20183;201809;septembre;Sunday;30-09-2017;31-08-2018
01-10-2018;2018;4;10;1;1;20184;201810;octobre;Monday;01-10-2017;30-09-2018
02-10-2018;2018;4;10;2;2;20184;201810;octobre;Tuesday;02-10-2017;30-09-2018
03-10-2018;2018;4;10;3;3;20184;201810;octobre;Wednesday;03-10-2017;30-09-2018
04-10-2018;2018;4;10;4;4;20184;201810;octobre;Thursday;04-10-2017;30-09-2018
05-10-2018;2018;4;10;5;5;20184;201810;octobre;Friday;05-10-2017;30-09-2018
06-10-2018;2018;4;10;6;6;20184;201810;octobre;Saturday;06-10-2017;30-09-2018
07-10-2018;2018;4;10;7;7;20184;201810;octobre;Sunday;07-10-2017;30-09-2018
08-10-2018;2018;4;10;8;1;20184;201810;octobre;Monday;08-10-2017;30-09-2018
09-10-2018;2018;4;10;9;2;20184;201810;octobre;Tuesday;09-10-2017;30-09-2018
10-10-2018;2018;4;10;10;3;20184;201810;octobre;Wednesday;10-10-2017;30-09-2018
11-10-2018;2018;4;10;11;4;20184;201810;octobre;Thursday;11-10-2017;30-09-2018
12-10-2018;2018;4;10;12;5;20184;201810;octobre;Friday;12-10-2017;30-09-2018
13-10-2018;2018;4;10;13;6;20184;201810;octobre;Saturday;13-10-2017;30-09-2018
14-10-2018;2018;4;10;14;7;20184;201810;octobre;Sunday;14-10-2017;30-09-2018
15-10-2018;2018;4;10;15;1;20184;201810;octobre;Monday;15-10-2017;30-09-2018
16-10-2018;2018;4;10;16;2;20184;201810;octobre;Tuesday;16-10-2017;30-09-2018
17-10-2018;2018;4;10;17;3;20184;201810;octobre;Wednesday;17-10-2017;30-09-2018
18-10-2018;2018;4;10;18;4;20184;201810;octobre;Thursday;18-10-2017;30-09-2018
19-10-2018;2018;4;10;19;5;20184;201810;octobre;Friday;19-10-2017;30-09-2018
20-10-2018;2018;4;10;20;6;20184;201810;octobre;Saturday;20-10-2017;30-09-2018
21-10-2018;2018;4;10;21;7;20184;201810;octobre;Sunday;21-10-2017;30-09-2018
22-10-2018;2018;4;10;22;1;20184;201810;octobre;Monday;22-10-2017;30-09-2018
23-10-2018;2018;4;10;23;2;20184;201810;octobre;Tuesday;23-10-2017;30-09-2018
24-10-2018;2018;4;10;24;3;20184;201810;octobre;Wednesday;24-10-2017;30-09-2018
25-10-2018;2018;4;10;25;4;20184;201810;octobre;Thursday;25-10-2017;30-09-2018
26-10-2018;2018;4;10;26;5;20184;201810;octobre;Friday;26-10-2017;30-09-2018
27-10-2018;2018;4;10;27;6;20184;201810;octobre;Saturday;27-10-2017;30-09-2018
28-10-2018;2018;4;10;28;7;20184;201810;octobre;Sunday;28-10-2017;30-09-2018
29-10-2018;2018;4;10;29;1;20184;201810;octobre;Monday;29-10-2017;30-09-2018
30-10-2018;2018;4;10;30;2;20184;201810;octobre;Tuesday;30-10-2017;30-09-2018
31-10-2018;2018;4;10;31;3;20184;201810;octobre;Wednesday;31-10-2017;30-09-2018
01-11-2018;2018;4;11;1;4;20184;201811;novembre;Thursday;01-11-2017;31-10-2018
02-11-2018;2018;4;11;2;5;20184;201811;novembre;Friday;02-11-2017;31-10-2018
03-11-2018;2018;4;11;3;6;20184;201811;novembre;Saturday;03-11-2017;31-10-2018
04-11-2018;2018;4;11;4;7;20184;201811;novembre;Sunday;04-11-2017;31-10-2018
05-11-2018;2018;4;11;5;1;20184;201811;novembre;Monday;05-11-2017;31-10-2018
06-11-2018;2018;4;11;6;2;20184;201811;novembre;Tuesday;06-11-2017;31-10-2018
07-11-2018;2018;4;11;7;3;20184;201811;novembre;Wednesday;07-11-2017;31-10-2018
08-11-2018;2018;4;11;8;4;20184;201811;novembre;Thursday;08-11-2017;31-10-2018
09-11-2018;2018;4;11;9;5;20184;201811;novembre;Friday;09-11-2017;31-10-2018
10-11-2018;2018;4;11;10;6;20184;201811;novembre;Saturday;10-11-2017;31-10-2018
11-11-2018;2018;4;11;11;7;20184;201811;novembre;Sunday;11-11-2017;31-10-2018
12-11-2018;2018;4;11;12;1;20184;201811;novembre;Monday;12-11-2017;31-10-2018
13-11-2018;2018;4;11;13;2;20184;201811;novembre;Tuesday;13-11-2017;31-10-2018
14-11-2018;2018;4;11;14;3;20184;201811;novembre;Wednesday;14-11-2017;31-10-2018
15-11-2018;2018;4;11;15;4;20184;201811;novembre;Thursday;15-11-2017;31-10-2018
16-11-2018;2018;4;11;16;5;20184;201811;novembre;Friday;16-11-2017;31-10-2018
17-11-2018;2018;4;11;17;6;20184;201811;novembre;Saturday;17-11-2017;31-10-2018
18-11-2018;2018;4;11;18;7;20184;201811;novembre;Sunday;18-11-2017;31-10-2018
19-11-2018;2018;4;11;19;1;20184;201811;novembre;Monday;19-11-2017;31-10-2018
20-11-2018;2018;4;11;20;2;20184;201811;novembre;Tuesday;20-11-2017;31-10-2018
21-11-2018;2018;4;11;21;3;20184;201811;novembre;Wednesday;21-11-2017;31-10-2018
22-11-2018;2018;4;11;22;4;20184;201811;novembre;Thursday;22-11-2017;31-10-2018
23-11-2018;2018;4;11;23;5;20184;201811;novembre;Friday;23-11-2017;31-10-2018
24-11-2018;2018;4;11;24;6;20184;201811;novembre;Saturday;24-11-2017;31-10-2018
25-11-2018;2018;4;11;25;7;20184;201811;novembre;Sunday;25-11-2017;31-10-2018
26-11-2018;2018;4;11;26;1;20184;201811;novembre;Monday;26-11-2017;31-10-2018
27-11-2018;2018;4;11;27;2;20184;201811;novembre;Tuesday;27-11-2017;31-10-2018
28-11-2018;2018;4;11;28;3;20184;201811;novembre;Wednesday;28-11-2017;31-10-2018
29-11-2018;2018;4;11;29;4;20184;201811;novembre;Thursday;29-11-2017;31-10-2018
30-11-2018;2018;4;11;30;5;20184;201811;novembre;Friday;30-11-2017;31-10-2018
01-12-2018;2018;4;12;1;6;20184;201812;décembre;Saturday;01-12-2017;30-11-2018
02-12-2018;2018;4;12;2;7;20184;201812;décembre;Sunday;02-12-2017;30-11-2018
03-12-2018;2018;4;12;3;1;20184;201812;décembre;Monday;03-12-2017;30-11-2018
04-12-2018;2018;4;12;4;2;20184;201812;décembre;Tuesday;04-12-2017;30-11-2018
05-12-2018;2018;4;12;5;3;20184;201812;décembre;Wednesday;05-12-2017;30-11-2018
06-12-2018;2018;4;12;6;4;20184;201812;décembre;Thursday;06-12-2017;30-11-2018
07-12-2018;2018;4;12;7;5;20184;201812;décembre;Friday;07-12-2017;30-11-2018
08-12-2018;2018;4;12;8;6;20184;201812;décembre;Saturday;08-12-2017;30-11-2018
09-12-2018;2018;4;12;9;7;20184;201812;décembre;Sunday;09-12-2017;30-11-2018
10-12-2018;2018;4;12;10;1;20184;201812;décembre;Monday;10-12-2017;30-11-2018
11-12-2018;2018;4;12;11;2;20184;201812;décembre;Tuesday;11-12-2017;30-11-2018
12-12-2018;2018;4;12;12;3;20184;201812;décembre;Wednesday;12-12-2017;30-11-2018
13-12-2018;2018;4;12;13;4;20184;201812;décembre;Thursday;13-12-2017;30-11-2018
14-12-2018;2018;4;12;14;5;20184;201812;décembre;Friday;14-12-2017;30-11-2018
15-12-2018;2018;4;12;15;6;20184;201812;décembre;Saturday;15-12-2017;30-11-2018
16-12-2018;2018;4;12;16;7;20184;201812;décembre;Sunday;16-12-2017;30-11-2018
17-12-2018;2018;4;12;17;1;20184;201812;décembre;Monday;17-12-2017;30-11-2018
18-12-2018;2018;4;12;18;2;20184;201812;décembre;Tuesday;18-12-2017;30-11-2018
19-12-2018;2018;4;12;19;3;20184;201812;décembre;Wednesday;19-12-2017;30-11-2018
20-12-2018;2018;4;12;20;4;20184;201812;décembre;Thursday;20-12-2017;30-11-2018
21-12-2018;2018;4;12;21;5;20184;201812;décembre;Friday;21-12-2017;30-11-2018
22-12-2018;2018;4;12;22;6;20184;201812;décembre;Saturday;22-12-2017;30-11-2018
23-12-2018;2018;4;12;23;7;20184;201812;décembre;Sunday;23-12-2017;30-11-2018
24-12-2018;2018;4;12;24;1;20184;201812;décembre;Monday;24-12-2017;30-11-2018
25-12-2018;2018;4;12;25;2;20184;201812;décembre;Tuesday;25-12-2017;30-11-2018
26-12-2018;2018;4;12;26;3;20184;201812;décembre;Wednesday;26-12-2017;30-11-2018
27-12-2018;2018;4;12;27;4;20184;201812;décembre;Thursday;27-12-2017;30-11-2018
28-12-2018;2018;4;12;28;5;20184;201812;décembre;Friday;28-12-2017;30-11-2018
29-12-2018;2018;4;12;29;6;20184;201812;décembre;Saturday;29-12-2017;30-11-2018
30-12-2018;2018;4;12;30;7;20184;201812;décembre;Sunday;30-12-2017;30-11-2018
31-12-2018;2018;4;12;31;1;20184;201812;décembre;Monday;31-12-2017;30-11-2018
01-01-2019;2019;1;1;1;2;20191;201901;janvier;Tuesday;01-01-2018;31-12-2018
02-01-2019;2019;1;1;2;3;20191;201901;janvier;Wednesday;02-01-2018;31-12-2018
03-01-2019;2019;1;1;3;4;20191;201901;janvier;Thursday;03-01-2018;31-12-2018
04-01-2019;2019;1;1;4;5;20191;201901;janvier;Friday;04-01-2018;31-12-2018
05-01-2019;2019;1;1;5;6;20191;201901;janvier;Saturday;05-01-2018;31-12-2018
06-01-2019;2019;1;1;6;7;20191;201901;janvier;Sunday;06-01-2018;31-12-2018
07-01-2019;2019;1;1;7;1;20191;201901;janvier;Monday;07-01-2018;31-12-2018
08-01-2019;2019;1;1;8;2;20191;201901;janvier;Tuesday;08-01-2018;31-12-2018
09-01-2019;2019;1;1;9;3;20191;201901;janvier;Wednesday;09-01-2018;31-12-2018
10-01-2019;2019;1;1;10;4;20191;201901;janvier;Thursday;10-01-2018;31-12-2018
11-01-2019;2019;1;1;11;5;20191;201901;janvier;Friday;11-01-2018;31-12-2018
12-01-2019;2019;1;1;12;6;20191;201901;janvier;Saturday;12-01-2018;31-12-2018
13-01-2019;2019;1;1;13;7;20191;201901;janvier;Sunday;13-01-2018;31-12-2018
14-01-2019;2019;1;1;14;1;20191;201901;janvier;Monday;14-01-2018;31-12-2018
15-01-2019;2019;1;1;15;2;20191;201901;janvier;Tuesday;15-01-2018;31-12-2018
16-01-2019;2019;1;1;16;3;20191;201901;janvier;Wednesday;16-01-2018;31-12-2018
17-01-2019;2019;1;1;17;4;20191;201901;janvier;Thursday;17-01-2018;31-12-2018
18-01-2019;2019;1;1;18;5;20191;201901;janvier;Friday;18-01-2018;31-12-2018
19-01-2019;2019;1;1;19;6;20191;201901;janvier;Saturday;19-01-2018;31-12-2018
20-01-2019;2019;1;1;20;7;20191;201901;janvier;Sunday;20-01-2018;31-12-2018
21-01-2019;2019;1;1;21;1;20191;201901;janvier;Monday;21-01-2018;31-12-2018
22-01-2019;2019;1;1;22;2;20191;201901;janvier;Tuesday;22-01-2018;31-12-2018
23-01-2019;2019;1;1;23;3;20191;201901;janvier;Wednesday;23-01-2018;31-12-2018
24-01-2019;2019;1;1;24;4;20191;201901;janvier;Thursday;24-01-2018;31-12-2018
25-01-2019;2019;1;1;25;5;20191;201901;janvier;Friday;25-01-2018;31-12-2018
26-01-2019;2019;1;1;26;6;20191;201901;janvier;Saturday;26-01-2018;31-12-2018
27-01-2019;2019;1;1;27;7;20191;201901;janvier;Sunday;27-01-2018;31-12-2018
28-01-2019;2019;1;1;28;1;20191;201901;janvier;Monday;28-01-2018;31-12-2018
29-01-2019;2019;1;1;29;2;20191;201901;janvier;Tuesday;29-01-2018;31-12-2018
30-01-2019;2019;1;1;30;3;20191;201901;janvier;Wednesday;30-01-2018;31-12-2018
31-01-2019;2019;1;1;31;4;20191;201901;janvier;Thursday;31-01-2018;31-12-2018
01-02-2019;2019;1;2;1;5;20191;201902;février;Friday;01-02-2018;31-01-2019
02-02-2019;2019;1;2;2;6;20191;201902;février;Saturday;02-02-2018;31-01-2019
03-02-2019;2019;1;2;3;7;20191;201902;février;Sunday;03-02-2018;31-01-2019
04-02-2019;2019;1;2;4;1;20191;201902;février;Monday;04-02-2018;31-01-2019
05-02-2019;2019;1;2;5;2;20191;201902;février;Tuesday;05-02-2018;31-01-2019
06-02-2019;2019;1;2;6;3;20191;201902;février;Wednesday;06-02-2018;31-01-2019
07-02-2019;2019;1;2;7;4;20191;201902;février;Thursday;07-02-2018;31-01-2019
08-02-2019;2019;1;2;8;5;20191;201902;février;Friday;08-02-2018;31-01-2019
09-02-2019;2019;1;2;9;6;20191;201902;février;Saturday;09-02-2018;31-01-2019
10-02-2019;2019;1;2;10;7;20191;201902;février;Sunday;10-02-2018;31-01-2019
11-02-2019;2019;1;2;11;1;20191;201902;février;Monday;11-02-2018;31-01-2019
12-02-2019;2019;1;2;12;2;20191;201902;février;Tuesday;12-02-2018;31-01-2019
13-02-2019;2019;1;2;13;3;20191;201902;février;Wednesday;13-02-2018;31-01-2019
14-02-2019;2019;1;2;14;4;20191;201902;février;Thursday;14-02-2018;31-01-2019
15-02-2019;2019;1;2;15;5;20191;201902;février;Friday;15-02-2018;31-01-2019
16-02-2019;2019;1;2;16;6;20191;201902;février;Saturday;16-02-2018;31-01-2019
17-02-2019;2019;1;2;17;7;20191;201902;février;Sunday;17-02-2018;31-01-2019
18-02-2019;2019;1;2;18;1;20191;201902;février;Monday;18-02-2018;31-01-2019
19-02-2019;2019;1;2;19;2;20191;201902;février;Tuesday;19-02-2018;31-01-2019
20-02-2019;2019;1;2;20;3;20191;201902;février;Wednesday;20-02-2018;31-01-2019
21-02-2019;2019;1;2;21;4;20191;201902;février;Thursday;21-02-2018;31-01-2019
22-02-2019;2019;1;2;22;5;20191;201902;février;Friday;22-02-2018;31-01-2019
23-02-2019;2019;1;2;23;6;20191;201902;février;Saturday;23-02-2018;31-01-2019
24-02-2019;2019;1;2;24;7;20191;201902;février;Sunday;24-02-2018;31-01-2019
25-02-2019;2019;1;2;25;1;20191;201902;février;Monday;25-02-2018;31-01-2019
26-02-2019;2019;1;2;26;2;20191;201902;février;Tuesday;26-02-2018;31-01-2019
27-02-2019;2019;1;2;27;3;20191;201902;février;Wednesday;27-02-2018;31-01-2019
28-02-2019;2019;1;2;28;4;20191;201902;février;Thursday;28-02-2018;31-01-2019
01-03-2019;2019;1;3;1;5;20191;201903;mars;Friday;01-03-2018;28-02-2019
02-03-2019;2019;1;3;2;6;20191;201903;mars;Saturday;02-03-2018;28-02-2019
03-03-2019;2019;1;3;3;7;20191;201903;mars;Sunday;03-03-2018;28-02-2019
04-03-2019;2019;1;3;4;1;20191;201903;mars;Monday;04-03-2018;28-02-2019
05-03-2019;2019;1;3;5;2;20191;201903;mars;Tuesday;05-03-2018;28-02-2019
06-03-2019;2019;1;3;6;3;20191;201903;mars;Wednesday;06-03-2018;28-02-2019
07-03-2019;2019;1;3;7;4;20191;201903;mars;Thursday;07-03-2018;28-02-2019
08-03-2019;2019;1;3;8;5;20191;201903;mars;Friday;08-03-2018;28-02-2019
09-03-2019;2019;1;3;9;6;20191;201903;mars;Saturday;09-03-2018;28-02-2019
10-03-2019;2019;1;3;10;7;20191;201903;mars;Sunday;10-03-2018;28-02-2019
11-03-2019;2019;1;3;11;1;20191;201903;mars;Monday;11-03-2018;28-02-2019
12-03-2019;2019;1;3;12;2;20191;201903;mars;Tuesday;12-03-2018;28-02-2019
13-03-2019;2019;1;3;13;3;20191;201903;mars;Wednesday;13-03-2018;28-02-2019
14-03-2019;2019;1;3;14;4;20191;201903;mars;Thursday;14-03-2018;28-02-2019
15-03-2019;2019;1;3;15;5;20191;201903;mars;Friday;15-03-2018;28-02-2019
16-03-2019;2019;1;3;16;6;20191;201903;mars;Saturday;16-03-2018;28-02-2019
17-03-2019;2019;1;3;17;7;20191;201903;mars;Sunday;17-03-2018;28-02-2019
18-03-2019;2019;1;3;18;1;20191;201903;mars;Monday;18-03-2018;28-02-2019
19-03-2019;2019;1;3;19;2;20191;201903;mars;Tuesday;19-03-2018;28-02-2019
20-03-2019;2019;1;3;20;3;20191;201903;mars;Wednesday;20-03-2018;28-02-2019
21-03-2019;2019;1;3;21;4;20191;201903;mars;Thursday;21-03-2018;28-02-2019
22-03-2019;2019;1;3;22;5;20191;201903;mars;Friday;22-03-2018;28-02-2019
23-03-2019;2019;1;3;23;6;20191;201903;mars;Saturday;23-03-2018;28-02-2019
24-03-2019;2019;1;3;24;7;20191;201903;mars;Sunday;24-03-2018;28-02-2019
25-03-2019;2019;1;3;25;1;20191;201903;mars;Monday;25-03-2018;28-02-2019
26-03-2019;2019;1;3;26;2;20191;201903;mars;Tuesday;26-03-2018;28-02-2019
27-03-2019;2019;1;3;27;3;20191;201903;mars;Wednesday;27-03-2018;28-02-2019
28-03-2019;2019;1;3;28;4;20191;201903;mars;Thursday;28-03-2018;28-02-2019
29-03-2019;2019;1;3;29;5;20191;201903;mars;Friday;29-03-2018;28-02-2019
30-03-2019;2019;1;3;30;6;20191;201903;mars;Saturday;30-03-2018;28-02-2019
31-03-2019;2019;1;3;31;7;20191;201903;mars;Sunday;31-03-2018;28-02-2019
01-04-2019;2019;2;4;1;1;20192;201904;avril;Monday;01-04-2018;31-03-2019
02-04-2019;2019;2;4;2;2;20192;201904;avril;Tuesday;02-04-2018;31-03-2019
03-04-2019;2019;2;4;3;3;20192;201904;avril;Wednesday;03-04-2018;31-03-2019
04-04-2019;2019;2;4;4;4;20192;201904;avril;Thursday;04-04-2018;31-03-2019
05-04-2019;2019;2;4;5;5;20192;201904;avril;Friday;05-04-2018;31-03-2019
06-04-2019;2019;2;4;6;6;20192;201904;avril;Saturday;06-04-2018;31-03-2019
07-04-2019;2019;2;4;7;7;20192;201904;avril;Sunday;07-04-2018;31-03-2019
08-04-2019;2019;2;4;8;1;20192;201904;avril;Monday;08-04-2018;31-03-2019
09-04-2019;2019;2;4;9;2;20192;201904;avril;Tuesday;09-04-2018;31-03-2019
10-04-2019;2019;2;4;10;3;20192;201904;avril;Wednesday;10-04-2018;31-03-2019
11-04-2019;2019;2;4;11;4;20192;201904;avril;Thursday;11-04-2018;31-03-2019
12-04-2019;2019;2;4;12;5;20192;201904;avril;Friday;12-04-2018;31-03-2019
13-04-2019;2019;2;4;13;6;20192;201904;avril;Saturday;13-04-2018;31-03-2019
14-04-2019;2019;2;4;14;7;20192;201904;avril;Sunday;14-04-2018;31-03-2019
15-04-2019;2019;2;4;15;1;20192;201904;avril;Monday;15-04-2018;31-03-2019
16-04-2019;2019;2;4;16;2;20192;201904;avril;Tuesday;16-04-2018;31-03-2019
17-04-2019;2019;2;4;17;3;20192;201904;avril;Wednesday;17-04-2018;31-03-2019
18-04-2019;2019;2;4;18;4;20192;201904;avril;Thursday;18-04-2018;31-03-2019
19-04-2019;2019;2;4;19;5;20192;201904;avril;Friday;19-04-2018;31-03-2019
20-04-2019;2019;2;4;20;6;20192;201904;avril;Saturday;20-04-2018;31-03-2019
21-04-2019;2019;2;4;21;7;20192;201904;avril;Sunday;21-04-2018;31-03-2019
22-04-2019;2019;2;4;22;1;20192;201904;avril;Monday;22-04-2018;31-03-2019
23-04-2019;2019;2;4;23;2;20192;201904;avril;Tuesday;23-04-2018;31-03-2019
24-04-2019;2019;2;4;24;3;20192;201904;avril;Wednesday;24-04-2018;31-03-2019
25-04-2019;2019;2;4;25;4;20192;201904;avril;Thursday;25-04-2018;31-03-2019
26-04-2019;2019;2;4;26;5;20192;201904;avril;Friday;26-04-2018;31-03-2019
27-04-2019;2019;2;4;27;6;20192;201904;avril;Saturday;27-04-2018;31-03-2019
28-04-2019;2019;2;4;28;7;20192;201904;avril;Sunday;28-04-2018;31-03-2019
29-04-2019;2019;2;4;29;1;20192;201904;avril;Monday;29-04-2018;31-03-2019
30-04-2019;2019;2;4;30;2;20192;201904;avril;Tuesday;30-04-2018;31-03-2019
01-05-2019;2019;2;5;1;3;20192;201905;mai;Wednesday;01-05-2018;30-04-2019
02-05-2019;2019;2;5;2;4;20192;201905;mai;Thursday;02-05-2018;30-04-2019
03-05-2019;2019;2;5;3;5;20192;201905;mai;Friday;03-05-2018;30-04-2019
04-05-2019;2019;2;5;4;6;20192;201905;mai;Saturday;04-05-2018;30-04-2019
05-05-2019;2019;2;5;5;7;20192;201905;mai;Sunday;05-05-2018;30-04-2019
06-05-2019;2019;2;5;6;1;20192;201905;mai;Monday;06-05-2018;30-04-2019
07-05-2019;2019;2;5;7;2;20192;201905;mai;Tuesday;07-05-2018;30-04-2019
08-05-2019;2019;2;5;8;3;20192;201905;mai;Wednesday;08-05-2018;30-04-2019
09-05-2019;2019;2;5;9;4;20192;201905;mai;Thursday;09-05-2018;30-04-2019
10-05-2019;2019;2;5;10;5;20192;201905;mai;Friday;10-05-2018;30-04-2019
11-05-2019;2019;2;5;11;6;20192;201905;mai;Saturday;11-05-2018;30-04-2019
12-05-2019;2019;2;5;12;7;20192;201905;mai;Sunday;12-05-2018;30-04-2019
13-05-2019;2019;2;5;13;1;20192;201905;mai;Monday;13-05-2018;30-04-2019
14-05-2019;2019;2;5;14;2;20192;201905;mai;Tuesday;14-05-2018;30-04-2019
15-05-2019;2019;2;5;15;3;20192;201905;mai;Wednesday;15-05-2018;30-04-2019
16-05-2019;2019;2;5;16;4;20192;201905;mai;Thursday;16-05-2018;30-04-2019
17-05-2019;2019;2;5;17;5;20192;201905;mai;Friday;17-05-2018;30-04-2019
18-05-2019;2019;2;5;18;6;20192;201905;mai;Saturday;18-05-2018;30-04-2019
19-05-2019;2019;2;5;19;7;20192;201905;mai;Sunday;19-05-2018;30-04-2019
20-05-2019;2019;2;5;20;1;20192;201905;mai;Monday;20-05-2018;30-04-2019
21-05-2019;2019;2;5;21;2;20192;201905;mai;Tuesday;21-05-2018;30-04-2019
22-05-2019;2019;2;5;22;3;20192;201905;mai;Wednesday;22-05-2018;30-04-2019
23-05-2019;2019;2;5;23;4;20192;201905;mai;Thursday;23-05-2018;30-04-2019
24-05-2019;2019;2;5;24;5;20192;201905;mai;Friday;24-05-2018;30-04-2019
25-05-2019;2019;2;5;25;6;20192;201905;mai;Saturday;25-05-2018;30-04-2019
26-05-2019;2019;2;5;26;7;20192;201905;mai;Sunday;26-05-2018;30-04-2019
27-05-2019;2019;2;5;27;1;20192;201905;mai;Monday;27-05-2018;30-04-2019
28-05-2019;2019;2;5;28;2;20192;201905;mai;Tuesday;28-05-2018;30-04-2019
29-05-2019;2019;2;5;29;3;20192;201905;mai;Wednesday;29-05-2018;30-04-2019
30-05-2019;2019;2;5;30;4;20192;201905;mai;Thursday;30-05-2018;30-04-2019
31-05-2019;2019;2;5;31;5;20192;201905;mai;Friday;31-05-2018;30-04-2019
01-06-2019;2019;2;6;1;6;20192;201906;juin;Saturday;01-06-2018;31-05-2019
02-06-2019;2019;2;6;2;7;20192;201906;juin;Sunday;02-06-2018;31-05-2019
03-06-2019;2019;2;6;3;1;20192;201906;juin;Monday;03-06-2018;31-05-2019
04-06-2019;2019;2;6;4;2;20192;201906;juin;Tuesday;04-06-2018;31-05-2019
05-06-2019;2019;2;6;5;3;20192;201906;juin;Wednesday;05-06-2018;31-05-2019
06-06-2019;2019;2;6;6;4;20192;201906;juin;Thursday;06-06-2018;31-05-2019
07-06-2019;2019;2;6;7;5;20192;201906;juin;Friday;07-06-2018;31-05-2019
08-06-2019;2019;2;6;8;6;20192;201906;juin;Saturday;08-06-2018;31-05-2019
09-06-2019;2019;2;6;9;7;20192;201906;juin;Sunday;09-06-2018;31-05-2019
10-06-2019;2019;2;6;10;1;20192;201906;juin;Monday;10-06-2018;31-05-2019
11-06-2019;2019;2;6;11;2;20192;201906;juin;Tuesday;11-06-2018;31-05-2019
12-06-2019;2019;2;6;12;3;20192;201906;juin;Wednesday;12-06-2018;31-05-2019
13-06-2019;2019;2;6;13;4;20192;201906;juin;Thursday;13-06-2018;31-05-2019
14-06-2019;2019;2;6;14;5;20192;201906;juin;Friday;14-06-2018;31-05-2019
15-06-2019;2019;2;6;15;6;20192;201906;juin;Saturday;15-06-2018;31-05-2019
16-06-2019;2019;2;6;16;7;20192;201906;juin;Sunday;16-06-2018;31-05-2019
17-06-2019;2019;2;6;17;1;20192;201906;juin;Monday;17-06-2018;31-05-2019
18-06-2019;2019;2;6;18;2;20192;201906;juin;Tuesday;18-06-2018;31-05-2019
19-06-2019;2019;2;6;19;3;20192;201906;juin;Wednesday;19-06-2018;31-05-2019
20-06-2019;2019;2;6;20;4;20192;201906;juin;Thursday;20-06-2018;31-05-2019
21-06-2019;2019;2;6;21;5;20192;201906;juin;Friday;21-06-2018;31-05-2019
22-06-2019;2019;2;6;22;6;20192;201906;juin;Saturday;22-06-2018;31-05-2019
23-06-2019;2019;2;6;23;7;20192;201906;juin;Sunday;23-06-2018;31-05-2019
24-06-2019;2019;2;6;24;1;20192;201906;juin;Monday;24-06-2018;31-05-2019
25-06-2019;2019;2;6;25;2;20192;201906;juin;Tuesday;25-06-2018;31-05-2019
26-06-2019;2019;2;6;26;3;20192;201906;juin;Wednesday;26-06-2018;31-05-2019
27-06-2019;2019;2;6;27;4;20192;201906;juin;Thursday;27-06-2018;31-05-2019
28-06-2019;2019;2;6;28;5;20192;201906;juin;Friday;28-06-2018;31-05-2019
29-06-2019;2019;2;6;29;6;20192;201906;juin;Saturday;29-06-2018;31-05-2019
30-06-2019;2019;2;6;30;7;20192;201906;juin;Sunday;30-06-2018;31-05-2019
01-07-2019;2019;3;7;1;1;20193;201907;juillet;Monday;01-07-2018;30-06-2019
02-07-2019;2019;3;7;2;2;20193;201907;juillet;Tuesday;02-07-2018;30-06-2019
03-07-2019;2019;3;7;3;3;20193;201907;juillet;Wednesday;03-07-2018;30-06-2019
04-07-2019;2019;3;7;4;4;20193;201907;juillet;Thursday;04-07-2018;30-06-2019
05-07-2019;2019;3;7;5;5;20193;201907;juillet;Friday;05-07-2018;30-06-2019
06-07-2019;2019;3;7;6;6;20193;201907;juillet;Saturday;06-07-2018;30-06-2019
07-07-2019;2019;3;7;7;7;20193;201907;juillet;Sunday;07-07-2018;30-06-2019
08-07-2019;2019;3;7;8;1;20193;201907;juillet;Monday;08-07-2018;30-06-2019
09-07-2019;2019;3;7;9;2;20193;201907;juillet;Tuesday;09-07-2018;30-06-2019
10-07-2019;2019;3;7;10;3;20193;201907;juillet;Wednesday;10-07-2018;30-06-2019
11-07-2019;2019;3;7;11;4;20193;201907;juillet;Thursday;11-07-2018;30-06-2019
12-07-2019;2019;3;7;12;5;20193;201907;juillet;Friday;12-07-2018;30-06-2019
13-07-2019;2019;3;7;13;6;20193;201907;juillet;Saturday;13-07-2018;30-06-2019
14-07-2019;2019;3;7;14;7;20193;201907;juillet;Sunday;14-07-2018;30-06-2019
15-07-2019;2019;3;7;15;1;20193;201907;juillet;Monday;15-07-2018;30-06-2019
16-07-2019;2019;3;7;16;2;20193;201907;juillet;Tuesday;16-07-2018;30-06-2019
17-07-2019;2019;3;7;17;3;20193;201907;juillet;Wednesday;17-07-2018;30-06-2019
18-07-2019;2019;3;7;18;4;20193;201907;juillet;Thursday;18-07-2018;30-06-2019
19-07-2019;2019;3;7;19;5;20193;201907;juillet;Friday;19-07-2018;30-06-2019
20-07-2019;2019;3;7;20;6;20193;201907;juillet;Saturday;20-07-2018;30-06-2019
21-07-2019;2019;3;7;21;7;20193;201907;juillet;Sunday;21-07-2018;30-06-2019
22-07-2019;2019;3;7;22;1;20193;201907;juillet;Monday;22-07-2018;30-06-2019
23-07-2019;2019;3;7;23;2;20193;201907;juillet;Tuesday;23-07-2018;30-06-2019
24-07-2019;2019;3;7;24;3;20193;201907;juillet;Wednesday;24-07-2018;30-06-2019
25-07-2019;2019;3;7;25;4;20193;201907;juillet;Thursday;25-07-2018;30-06-2019
26-07-2019;2019;3;7;26;5;20193;201907;juillet;Friday;26-07-2018;30-06-2019
27-07-2019;2019;3;7;27;6;20193;201907;juillet;Saturday;27-07-2018;30-06-2019
28-07-2019;2019;3;7;28;7;20193;201907;juillet;Sunday;28-07-2018;30-06-2019
29-07-2019;2019;3;7;29;1;20193;201907;juillet;Monday;29-07-2018;30-06-2019
30-07-2019;2019;3;7;30;2;20193;201907;juillet;Tuesday;30-07-2018;30-06-2019
31-07-2019;2019;3;7;31;3;20193;201907;juillet;Wednesday;31-07-2018;30-06-2019
01-08-2019;2019;3;8;1;4;20193;201908;août;Thursday;01-08-2018;31-07-2019
02-08-2019;2019;3;8;2;5;20193;201908;août;Friday;02-08-2018;31-07-2019
03-08-2019;2019;3;8;3;6;20193;201908;août;Saturday;03-08-2018;31-07-2019
04-08-2019;2019;3;8;4;7;20193;201908;août;Sunday;04-08-2018;31-07-2019
05-08-2019;2019;3;8;5;1;20193;201908;août;Monday;05-08-2018;31-07-2019
06-08-2019;2019;3;8;6;2;20193;201908;août;Tuesday;06-08-2018;31-07-2019
07-08-2019;2019;3;8;7;3;20193;201908;août;Wednesday;07-08-2018;31-07-2019
08-08-2019;2019;3;8;8;4;20193;201908;août;Thursday;08-08-2018;31-07-2019
09-08-2019;2019;3;8;9;5;20193;201908;août;Friday;09-08-2018;31-07-2019
10-08-2019;2019;3;8;10;6;20193;201908;août;Saturday;10-08-2018;31-07-2019
11-08-2019;2019;3;8;11;7;20193;201908;août;Sunday;11-08-2018;31-07-2019
12-08-2019;2019;3;8;12;1;20193;201908;août;Monday;12-08-2018;31-07-2019
13-08-2019;2019;3;8;13;2;20193;201908;août;Tuesday;13-08-2018;31-07-2019
14-08-2019;2019;3;8;14;3;20193;201908;août;Wednesday;14-08-2018;31-07-2019
15-08-2019;2019;3;8;15;4;20193;201908;août;Thursday;15-08-2018;31-07-2019
16-08-2019;2019;3;8;16;5;20193;201908;août;Friday;16-08-2018;31-07-2019
17-08-2019;2019;3;8;17;6;20193;201908;août;Saturday;17-08-2018;31-07-2019
18-08-2019;2019;3;8;18;7;20193;201908;août;Sunday;18-08-2018;31-07-2019
19-08-2019;2019;3;8;19;1;20193;201908;août;Monday;19-08-2018;31-07-2019
20-08-2019;2019;3;8;20;2;20193;201908;août;Tuesday;20-08-2018;31-07-2019
21-08-2019;2019;3;8;21;3;20193;201908;août;Wednesday;21-08-2018;31-07-2019
22-08-2019;2019;3;8;22;4;20193;201908;août;Thursday;22-08-2018;31-07-2019
23-08-2019;2019;3;8;23;5;20193;201908;août;Friday;23-08-2018;31-07-2019
24-08-2019;2019;3;8;24;6;20193;201908;août;Saturday;24-08-2018;31-07-2019
25-08-2019;2019;3;8;25;7;20193;201908;août;Sunday;25-08-2018;31-07-2019
26-08-2019;2019;3;8;26;1;20193;201908;août;Monday;26-08-2018;31-07-2019
27-08-2019;2019;3;8;27;2;20193;201908;août;Tuesday;27-08-2018;31-07-2019
28-08-2019;2019;3;8;28;3;20193;201908;août;Wednesday;28-08-2018;31-07-2019
29-08-2019;2019;3;8;29;4;20193;201908;août;Thursday;29-08-2018;31-07-2019
30-08-2019;2019;3;8;30;5;20193;201908;août;Friday;30-08-2018;31-07-2019
31-08-2019;2019;3;8;31;6;20193;201908;août;Saturday;31-08-2018;31-07-2019
01-09-2019;2019;3;9;1;7;20193;201909;septembre;Sunday;01-09-2018;31-08-2019
02-09-2019;2019;3;9;2;1;20193;201909;septembre;Monday;02-09-2018;31-08-2019
03-09-2019;2019;3;9;3;2;20193;201909;septembre;Tuesday;03-09-2018;31-08-2019
04-09-2019;2019;3;9;4;3;20193;201909;septembre;Wednesday;04-09-2018;31-08-2019
05-09-2019;2019;3;9;5;4;20193;201909;septembre;Thursday;05-09-2018;31-08-2019
06-09-2019;2019;3;9;6;5;20193;201909;septembre;Friday;06-09-2018;31-08-2019
07-09-2019;2019;3;9;7;6;20193;201909;septembre;Saturday;07-09-2018;31-08-2019
08-09-2019;2019;3;9;8;7;20193;201909;septembre;Sunday;08-09-2018;31-08-2019
09-09-2019;2019;3;9;9;1;20193;201909;septembre;Monday;09-09-2018;31-08-2019
10-09-2019;2019;3;9;10;2;20193;201909;septembre;Tuesday;10-09-2018;31-08-2019
11-09-2019;2019;3;9;11;3;20193;201909;septembre;Wednesday;11-09-2018;31-08-2019
12-09-2019;2019;3;9;12;4;20193;201909;septembre;Thursday;12-09-2018;31-08-2019
13-09-2019;2019;3;9;13;5;20193;201909;septembre;Friday;13-09-2018;31-08-2019
14-09-2019;2019;3;9;14;6;20193;201909;septembre;Saturday;14-09-2018;31-08-2019
15-09-2019;2019;3;9;15;7;20193;201909;septembre;Sunday;15-09-2018;31-08-2019
16-09-2019;2019;3;9;16;1;20193;201909;septembre;Monday;16-09-2018;31-08-2019
17-09-2019;2019;3;9;17;2;20193;201909;septembre;Tuesday;17-09-2018;31-08-2019
18-09-2019;2019;3;9;18;3;20193;201909;septembre;Wednesday;18-09-2018;31-08-2019
19-09-2019;2019;3;9;19;4;20193;201909;septembre;Thursday;19-09-2018;31-08-2019
20-09-2019;2019;3;9;20;5;20193;201909;septembre;Friday;20-09-2018;31-08-2019
21-09-2019;2019;3;9;21;6;20193;201909;septembre;Saturday;21-09-2018;31-08-2019
22-09-2019;2019;3;9;22;7;20193;201909;septembre;Sunday;22-09-2018;31-08-2019
23-09-2019;2019;3;9;23;1;20193;201909;septembre;Monday;23-09-2018;31-08-2019
24-09-2019;2019;3;9;24;2;20193;201909;septembre;Tuesday;24-09-2018;31-08-2019
25-09-2019;2019;3;9;25;3;20193;201909;septembre;Wednesday;25-09-2018;31-08-2019
26-09-2019;2019;3;9;26;4;20193;201909;septembre;Thursday;26-09-2018;31-08-2019
27-09-2019;2019;3;9;27;5;20193;201909;septembre;Friday;27-09-2018;31-08-2019
28-09-2019;2019;3;9;28;6;20193;201909;septembre;Saturday;28-09-2018;31-08-2019
29-09-2019;2019;3;9;29;7;20193;201909;septembre;Sunday;29-09-2018;31-08-2019
30-09-2019;2019;3;9;30;1;20193;201909;septembre;Monday;30-09-2018;31-08-2019
01-10-2019;2019;4;10;1;2;20194;201910;octobre;Tuesday;01-10-2018;30-09-2019
02-10-2019;2019;4;10;2;3;20194;201910;octobre;Wednesday;02-10-2018;30-09-2019
03-10-2019;2019;4;10;3;4;20194;201910;octobre;Thursday;03-10-2018;30-09-2019
04-10-2019;2019;4;10;4;5;20194;201910;octobre;Friday;04-10-2018;30-09-2019
05-10-2019;2019;4;10;5;6;20194;201910;octobre;Saturday;05-10-2018;30-09-2019
06-10-2019;2019;4;10;6;7;20194;201910;octobre;Sunday;06-10-2018;30-09-2019
07-10-2019;2019;4;10;7;1;20194;201910;octobre;Monday;07-10-2018;30-09-2019
08-10-2019;2019;4;10;8;2;20194;201910;octobre;Tuesday;08-10-2018;30-09-2019
09-10-2019;2019;4;10;9;3;20194;201910;octobre;Wednesday;09-10-2018;30-09-2019
10-10-2019;2019;4;10;10;4;20194;201910;octobre;Thursday;10-10-2018;30-09-2019
11-10-2019;2019;4;10;11;5;20194;201910;octobre;Friday;11-10-2018;30-09-2019
12-10-2019;2019;4;10;12;6;20194;201910;octobre;Saturday;12-10-2018;30-09-2019
13-10-2019;2019;4;10;13;7;20194;201910;octobre;Sunday;13-10-2018;30-09-2019
14-10-2019;2019;4;10;14;1;20194;201910;octobre;Monday;14-10-2018;30-09-2019
15-10-2019;2019;4;10;15;2;20194;201910;octobre;Tuesday;15-10-2018;30-09-2019
16-10-2019;2019;4;10;16;3;20194;201910;octobre;Wednesday;16-10-2018;30-09-2019
17-10-2019;2019;4;10;17;4;20194;201910;octobre;Thursday;17-10-2018;30-09-2019
18-10-2019;2019;4;10;18;5;20194;201910;octobre;Friday;18-10-2018;30-09-2019
19-10-2019;2019;4;10;19;6;20194;201910;octobre;Saturday;19-10-2018;30-09-2019
20-10-2019;2019;4;10;20;7;20194;201910;octobre;Sunday;20-10-2018;30-09-2019
21-10-2019;2019;4;10;21;1;20194;201910;octobre;Monday;21-10-2018;30-09-2019
22-10-2019;2019;4;10;22;2;20194;201910;octobre;Tuesday;22-10-2018;30-09-2019
23-10-2019;2019;4;10;23;3;20194;201910;octobre;Wednesday;23-10-2018;30-09-2019
24-10-2019;2019;4;10;24;4;20194;201910;octobre;Thursday;24-10-2018;30-09-2019
25-10-2019;2019;4;10;25;5;20194;201910;octobre;Friday;25-10-2018;30-09-2019
26-10-2019;2019;4;10;26;6;20194;201910;octobre;Saturday;26-10-2018;30-09-2019
27-10-2019;2019;4;10;27;7;20194;201910;octobre;Sunday;27-10-2018;30-09-2019
28-10-2019;2019;4;10;28;1;20194;201910;octobre;Monday;28-10-2018;30-09-2019
29-10-2019;2019;4;10;29;2;20194;201910;octobre;Tuesday;29-10-2018;30-09-2019
30-10-2019;2019;4;10;30;3;20194;201910;octobre;Wednesday;30-10-2018;30-09-2019
31-10-2019;2019;4;10;31;4;20194;201910;octobre;Thursday;31-10-2018;30-09-2019
01-11-2019;2019;4;11;1;5;20194;201911;novembre;Friday;01-11-2018;31-10-2019
02-11-2019;2019;4;11;2;6;20194;201911;novembre;Saturday;02-11-2018;31-10-2019
03-11-2019;2019;4;11;3;7;20194;201911;novembre;Sunday;03-11-2018;31-10-2019
04-11-2019;2019;4;11;4;1;20194;201911;novembre;Monday;04-11-2018;31-10-2019
05-11-2019;2019;4;11;5;2;20194;201911;novembre;Tuesday;05-11-2018;31-10-2019
06-11-2019;2019;4;11;6;3;20194;201911;novembre;Wednesday;06-11-2018;31-10-2019
07-11-2019;2019;4;11;7;4;20194;201911;novembre;Thursday;07-11-2018;31-10-2019
08-11-2019;2019;4;11;8;5;20194;201911;novembre;Friday;08-11-2018;31-10-2019
09-11-2019;2019;4;11;9;6;20194;201911;novembre;Saturday;09-11-2018;31-10-2019
10-11-2019;2019;4;11;10;7;20194;201911;novembre;Sunday;10-11-2018;31-10-2019
11-11-2019;2019;4;11;11;1;20194;201911;novembre;Monday;11-11-2018;31-10-2019
12-11-2019;2019;4;11;12;2;20194;201911;novembre;Tuesday;12-11-2018;31-10-2019
13-11-2019;2019;4;11;13;3;20194;201911;novembre;Wednesday;13-11-2018;31-10-2019
14-11-2019;2019;4;11;14;4;20194;201911;novembre;Thursday;14-11-2018;31-10-2019
15-11-2019;2019;4;11;15;5;20194;201911;novembre;Friday;15-11-2018;31-10-2019
16-11-2019;2019;4;11;16;6;20194;201911;novembre;Saturday;16-11-2018;31-10-2019
17-11-2019;2019;4;11;17;7;20194;201911;novembre;Sunday;17-11-2018;31-10-2019
18-11-2019;2019;4;11;18;1;20194;201911;novembre;Monday;18-11-2018;31-10-2019
19-11-2019;2019;4;11;19;2;20194;201911;novembre;Tuesday;19-11-2018;31-10-2019
20-11-2019;2019;4;11;20;3;20194;201911;novembre;Wednesday;20-11-2018;31-10-2019
21-11-2019;2019;4;11;21;4;20194;201911;novembre;Thursday;21-11-2018;31-10-2019
22-11-2019;2019;4;11;22;5;20194;201911;novembre;Friday;22-11-2018;31-10-2019
23-11-2019;2019;4;11;23;6;20194;201911;novembre;Saturday;23-11-2018;31-10-2019
24-11-2019;2019;4;11;24;7;20194;201911;novembre;Sunday;24-11-2018;31-10-2019
25-11-2019;2019;4;11;25;1;20194;201911;novembre;Monday;25-11-2018;31-10-2019
26-11-2019;2019;4;11;26;2;20194;201911;novembre;Tuesday;26-11-2018;31-10-2019
27-11-2019;2019;4;11;27;3;20194;201911;novembre;Wednesday;27-11-2018;31-10-2019
28-11-2019;2019;4;11;28;4;20194;201911;novembre;Thursday;28-11-2018;31-10-2019
29-11-2019;2019;4;11;29;5;20194;201911;novembre;Friday;29-11-2018;31-10-2019
30-11-2019;2019;4;11;30;6;20194;201911;novembre;Saturday;30-11-2018;31-10-2019
01-12-2019;2019;4;12;1;7;20194;201912;décembre;Sunday;01-12-2018;30-11-2019
02-12-2019;2019;4;12;2;1;20194;201912;décembre;Monday;02-12-2018;30-11-2019
03-12-2019;2019;4;12;3;2;20194;201912;décembre;Tuesday;03-12-2018;30-11-2019
04-12-2019;2019;4;12;4;3;20194;201912;décembre;Wednesday;04-12-2018;30-11-2019
05-12-2019;2019;4;12;5;4;20194;201912;décembre;Thursday;05-12-2018;30-11-2019
06-12-2019;2019;4;12;6;5;20194;201912;décembre;Friday;06-12-2018;30-11-2019
07-12-2019;2019;4;12;7;6;20194;201912;décembre;Saturday;07-12-2018;30-11-2019
08-12-2019;2019;4;12;8;7;20194;201912;décembre;Sunday;08-12-2018;30-11-2019
09-12-2019;2019;4;12;9;1;20194;201912;décembre;Monday;09-12-2018;30-11-2019
10-12-2019;2019;4;12;10;2;20194;201912;décembre;Tuesday;10-12-2018;30-11-2019
11-12-2019;2019;4;12;11;3;20194;201912;décembre;Wednesday;11-12-2018;30-11-2019
12-12-2019;2019;4;12;12;4;20194;201912;décembre;Thursday;12-12-2018;30-11-2019
13-12-2019;2019;4;12;13;5;20194;201912;décembre;Friday;13-12-2018;30-11-2019
14-12-2019;2019;4;12;14;6;20194;201912;décembre;Saturday;14-12-2018;30-11-2019
15-12-2019;2019;4;12;15;7;20194;201912;décembre;Sunday;15-12-2018;30-11-2019
16-12-2019;2019;4;12;16;1;20194;201912;décembre;Monday;16-12-2018;30-11-2019
17-12-2019;2019;4;12;17;2;20194;201912;décembre;Tuesday;17-12-2018;30-11-2019
18-12-2019;2019;4;12;18;3;20194;201912;décembre;Wednesday;18-12-2018;30-11-2019
19-12-2019;2019;4;12;19;4;20194;201912;décembre;Thursday;19-12-2018;30-11-2019
20-12-2019;2019;4;12;20;5;20194;201912;décembre;Friday;20-12-2018;30-11-2019
21-12-2019;2019;4;12;21;6;20194;201912;décembre;Saturday;21-12-2018;30-11-2019
22-12-2019;2019;4;12;22;7;20194;201912;décembre;Sunday;22-12-2018;30-11-2019
23-12-2019;2019;4;12;23;1;20194;201912;décembre;Monday;23-12-2018;30-11-2019
24-12-2019;2019;4;12;24;2;20194;201912;décembre;Tuesday;24-12-2018;30-11-2019
25-12-2019;2019;4;12;25;3;20194;201912;décembre;Wednesday;25-12-2018;30-11-2019
26-12-2019;2019;4;12;26;4;20194;201912;décembre;Thursday;26-12-2018;30-11-2019
27-12-2019;2019;4;12;27;5;20194;201912;décembre;Friday;27-12-2018;30-11-2019
28-12-2019;2019;4;12;28;6;20194;201912;décembre;Saturday;28-12-2018;30-11-2019
29-12-2019;2019;4;12;29;7;20194;201912;décembre;Sunday;29-12-2018;30-11-2019
30-12-2019;2019;4;12;30;1;20194;201912;décembre;Monday;30-12-2018;30-11-2019
31-12-2019;2019;4;12;31;2;20194;201912;décembre;Tuesday;31-12-2018;30-11-2019
01-01-2020;2020;1;1;1;3;20201;202001;janvier;Wednesday;01-01-2019;31-12-2019
02-01-2020;2020;1;1;2;4;20201;202001;janvier;Thursday;02-01-2019;31-12-2019
03-01-2020;2020;1;1;3;5;20201;202001;janvier;Friday;03-01-2019;31-12-2019
04-01-2020;2020;1;1;4;6;20201;202001;janvier;Saturday;04-01-2019;31-12-2019
05-01-2020;2020;1;1;5;7;20201;202001;janvier;Sunday;05-01-2019;31-12-2019
06-01-2020;2020;1;1;6;1;20201;202001;janvier;Monday;06-01-2019;31-12-2019
07-01-2020;2020;1;1;7;2;20201;202001;janvier;Tuesday;07-01-2019;31-12-2019
08-01-2020;2020;1;1;8;3;20201;202001;janvier;Wednesday;08-01-2019;31-12-2019
09-01-2020;2020;1;1;9;4;20201;202001;janvier;Thursday;09-01-2019;31-12-2019
10-01-2020;2020;1;1;10;5;20201;202001;janvier;Friday;10-01-2019;31-12-2019
11-01-2020;2020;1;1;11;6;20201;202001;janvier;Saturday;11-01-2019;31-12-2019
12-01-2020;2020;1;1;12;7;20201;202001;janvier;Sunday;12-01-2019;31-12-2019
13-01-2020;2020;1;1;13;1;20201;202001;janvier;Monday;13-01-2019;31-12-2019
14-01-2020;2020;1;1;14;2;20201;202001;janvier;Tuesday;14-01-2019;31-12-2019
15-01-2020;2020;1;1;15;3;20201;202001;janvier;Wednesday;15-01-2019;31-12-2019
16-01-2020;2020;1;1;16;4;20201;202001;janvier;Thursday;16-01-2019;31-12-2019
17-01-2020;2020;1;1;17;5;20201;202001;janvier;Friday;17-01-2019;31-12-2019
18-01-2020;2020;1;1;18;6;20201;202001;janvier;Saturday;18-01-2019;31-12-2019
19-01-2020;2020;1;1;19;7;20201;202001;janvier;Sunday;19-01-2019;31-12-2019
20-01-2020;2020;1;1;20;1;20201;202001;janvier;Monday;20-01-2019;31-12-2019
21-01-2020;2020;1;1;21;2;20201;202001;janvier;Tuesday;21-01-2019;31-12-2019
22-01-2020;2020;1;1;22;3;20201;202001;janvier;Wednesday;22-01-2019;31-12-2019
23-01-2020;2020;1;1;23;4;20201;202001;janvier;Thursday;23-01-2019;31-12-2019
24-01-2020;2020;1;1;24;5;20201;202001;janvier;Friday;24-01-2019;31-12-2019
25-01-2020;2020;1;1;25;6;20201;202001;janvier;Saturday;25-01-2019;31-12-2019
26-01-2020;2020;1;1;26;7;20201;202001;janvier;Sunday;26-01-2019;31-12-2019
27-01-2020;2020;1;1;27;1;20201;202001;janvier;Monday;27-01-2019;31-12-2019
28-01-2020;2020;1;1;28;2;20201;202001;janvier;Tuesday;28-01-2019;31-12-2019
29-01-2020;2020;1;1;29;3;20201;202001;janvier;Wednesday;29-01-2019;31-12-2019
30-01-2020;2020;1;1;30;4;20201;202001;janvier;Thursday;30-01-2019;31-12-2019
31-01-2020;2020;1;1;31;5;20201;202001;janvier;Friday;31-01-2019;31-12-2019
01-02-2020;2020;1;2;1;6;20201;202002;février;Saturday;01-02-2019;31-01-2020
02-02-2020;2020;1;2;2;7;20201;202002;février;Sunday;02-02-2019;31-01-2020
03-02-2020;2020;1;2;3;1;20201;202002;février;Monday;03-02-2019;31-01-2020
04-02-2020;2020;1;2;4;2;20201;202002;février;Tuesday;04-02-2019;31-01-2020
05-02-2020;2020;1;2;5;3;20201;202002;février;Wednesday;05-02-2019;31-01-2020
06-02-2020;2020;1;2;6;4;20201;202002;février;Thursday;06-02-2019;31-01-2020
07-02-2020;2020;1;2;7;5;20201;202002;février;Friday;07-02-2019;31-01-2020
08-02-2020;2020;1;2;8;6;20201;202002;février;Saturday;08-02-2019;31-01-2020
09-02-2020;2020;1;2;9;7;20201;202002;février;Sunday;09-02-2019;31-01-2020
10-02-2020;2020;1;2;10;1;20201;202002;février;Monday;10-02-2019;31-01-2020
11-02-2020;2020;1;2;11;2;20201;202002;février;Tuesday;11-02-2019;31-01-2020
12-02-2020;2020;1;2;12;3;20201;202002;février;Wednesday;12-02-2019;31-01-2020
13-02-2020;2020;1;2;13;4;20201;202002;février;Thursday;13-02-2019;31-01-2020
14-02-2020;2020;1;2;14;5;20201;202002;février;Friday;14-02-2019;31-01-2020
15-02-2020;2020;1;2;15;6;20201;202002;février;Saturday;15-02-2019;31-01-2020
16-02-2020;2020;1;2;16;7;20201;202002;février;Sunday;16-02-2019;31-01-2020
17-02-2020;2020;1;2;17;1;20201;202002;février;Monday;17-02-2019;31-01-2020
18-02-2020;2020;1;2;18;2;20201;202002;février;Tuesday;18-02-2019;31-01-2020
19-02-2020;2020;1;2;19;3;20201;202002;février;Wednesday;19-02-2019;31-01-2020
20-02-2020;2020;1;2;20;4;20201;202002;février;Thursday;20-02-2019;31-01-2020
21-02-2020;2020;1;2;21;5;20201;202002;février;Friday;21-02-2019;31-01-2020
22-02-2020;2020;1;2;22;6;20201;202002;février;Saturday;22-02-2019;31-01-2020
23-02-2020;2020;1;2;23;7;20201;202002;février;Sunday;23-02-2019;31-01-2020
24-02-2020;2020;1;2;24;1;20201;202002;février;Monday;24-02-2019;31-01-2020
25-02-2020;2020;1;2;25;2;20201;202002;février;Tuesday;25-02-2019;31-01-2020
26-02-2020;2020;1;2;26;3;20201;202002;février;Wednesday;26-02-2019;31-01-2020
27-02-2020;2020;1;2;27;4;20201;202002;février;Thursday;27-02-2019;31-01-2020
28-02-2020;2020;1;2;28;5;20201;202002;février;Friday;28-02-2019;31-01-2020
29-02-2020;2020;1;2;29;6;20201;202002;février;Saturday;28-02-2019;31-01-2020
01-03-2020;2020;1;3;1;7;20201;202003;mars;Sunday;01-03-2019;29-02-2020
02-03-2020;2020;1;3;2;1;20201;202003;mars;Monday;02-03-2019;29-02-2020
03-03-2020;2020;1;3;3;2;20201;202003;mars;Tuesday;03-03-2019;29-02-2020
04-03-2020;2020;1;3;4;3;20201;202003;mars;Wednesday;04-03-2019;29-02-2020
05-03-2020;2020;1;3;5;4;20201;202003;mars;Thursday;05-03-2019;29-02-2020
06-03-2020;2020;1;3;6;5;20201;202003;mars;Friday;06-03-2019;29-02-2020
07-03-2020;2020;1;3;7;6;20201;202003;mars;Saturday;07-03-2019;29-02-2020
08-03-2020;2020;1;3;8;7;20201;202003;mars;Sunday;08-03-2019;29-02-2020
09-03-2020;2020;1;3;9;1;20201;202003;mars;Monday;09-03-2019;29-02-2020
10-03-2020;2020;1;3;10;2;20201;202003;mars;Tuesday;10-03-2019;29-02-2020
11-03-2020;2020;1;3;11;3;20201;202003;mars;Wednesday;11-03-2019;29-02-2020
12-03-2020;2020;1;3;12;4;20201;202003;mars;Thursday;12-03-2019;29-02-2020
13-03-2020;2020;1;3;13;5;20201;202003;mars;Friday;13-03-2019;29-02-2020
14-03-2020;2020;1;3;14;6;20201;202003;mars;Saturday;14-03-2019;29-02-2020
15-03-2020;2020;1;3;15;7;20201;202003;mars;Sunday;15-03-2019;29-02-2020
16-03-2020;2020;1;3;16;1;20201;202003;mars;Monday;16-03-2019;29-02-2020
17-03-2020;2020;1;3;17;2;20201;202003;mars;Tuesday;17-03-2019;29-02-2020
18-03-2020;2020;1;3;18;3;20201;202003;mars;Wednesday;18-03-2019;29-02-2020
19-03-2020;2020;1;3;19;4;20201;202003;mars;Thursday;19-03-2019;29-02-2020
20-03-2020;2020;1;3;20;5;20201;202003;mars;Friday;20-03-2019;29-02-2020
21-03-2020;2020;1;3;21;6;20201;202003;mars;Saturday;21-03-2019;29-02-2020
22-03-2020;2020;1;3;22;7;20201;202003;mars;Sunday;22-03-2019;29-02-2020
23-03-2020;2020;1;3;23;1;20201;202003;mars;Monday;23-03-2019;29-02-2020
24-03-2020;2020;1;3;24;2;20201;202003;mars;Tuesday;24-03-2019;29-02-2020
25-03-2020;2020;1;3;25;3;20201;202003;mars;Wednesday;25-03-2019;29-02-2020
26-03-2020;2020;1;3;26;4;20201;202003;mars;Thursday;26-03-2019;29-02-2020
27-03-2020;2020;1;3;27;5;20201;202003;mars;Friday;27-03-2019;29-02-2020
28-03-2020;2020;1;3;28;6;20201;202003;mars;Saturday;28-03-2019;29-02-2020
29-03-2020;2020;1;3;29;7;20201;202003;mars;Sunday;29-03-2019;29-02-2020
30-03-2020;2020;1;3;30;1;20201;202003;mars;Monday;30-03-2019;29-02-2020
31-03-2020;2020;1;3;31;2;20201;202003;mars;Tuesday;31-03-2019;29-02-2020
01-04-2020;2020;2;4;1;3;20202;202004;avril;Wednesday;01-04-2019;31-03-2020
02-04-2020;2020;2;4;2;4;20202;202004;avril;Thursday;02-04-2019;31-03-2020
03-04-2020;2020;2;4;3;5;20202;202004;avril;Friday;03-04-2019;31-03-2020
04-04-2020;2020;2;4;4;6;20202;202004;avril;Saturday;04-04-2019;31-03-2020
05-04-2020;2020;2;4;5;7;20202;202004;avril;Sunday;05-04-2019;31-03-2020
06-04-2020;2020;2;4;6;1;20202;202004;avril;Monday;06-04-2019;31-03-2020
07-04-2020;2020;2;4;7;2;20202;202004;avril;Tuesday;07-04-2019;31-03-2020
08-04-2020;2020;2;4;8;3;20202;202004;avril;Wednesday;08-04-2019;31-03-2020
09-04-2020;2020;2;4;9;4;20202;202004;avril;Thursday;09-04-2019;31-03-2020
10-04-2020;2020;2;4;10;5;20202;202004;avril;Friday;10-04-2019;31-03-2020
11-04-2020;2020;2;4;11;6;20202;202004;avril;Saturday;11-04-2019;31-03-2020
12-04-2020;2020;2;4;12;7;20202;202004;avril;Sunday;12-04-2019;31-03-2020
13-04-2020;2020;2;4;13;1;20202;202004;avril;Monday;13-04-2019;31-03-2020
14-04-2020;2020;2;4;14;2;20202;202004;avril;Tuesday;14-04-2019;31-03-2020
15-04-2020;2020;2;4;15;3;20202;202004;avril;Wednesday;15-04-2019;31-03-2020
16-04-2020;2020;2;4;16;4;20202;202004;avril;Thursday;16-04-2019;31-03-2020
17-04-2020;2020;2;4;17;5;20202;202004;avril;Friday;17-04-2019;31-03-2020
18-04-2020;2020;2;4;18;6;20202;202004;avril;Saturday;18-04-2019;31-03-2020
19-04-2020;2020;2;4;19;7;20202;202004;avril;Sunday;19-04-2019;31-03-2020
20-04-2020;2020;2;4;20;1;20202;202004;avril;Monday;20-04-2019;31-03-2020
21-04-2020;2020;2;4;21;2;20202;202004;avril;Tuesday;21-04-2019;31-03-2020
22-04-2020;2020;2;4;22;3;20202;202004;avril;Wednesday;22-04-2019;31-03-2020
23-04-2020;2020;2;4;23;4;20202;202004;avril;Thursday;23-04-2019;31-03-2020
24-04-2020;2020;2;4;24;5;20202;202004;avril;Friday;24-04-2019;31-03-2020
25-04-2020;2020;2;4;25;6;20202;202004;avril;Saturday;25-04-2019;31-03-2020
26-04-2020;2020;2;4;26;7;20202;202004;avril;Sunday;26-04-2019;31-03-2020
27-04-2020;2020;2;4;27;1;20202;202004;avril;Monday;27-04-2019;31-03-2020
28-04-2020;2020;2;4;28;2;20202;202004;avril;Tuesday;28-04-2019;31-03-2020
29-04-2020;2020;2;4;29;3;20202;202004;avril;Wednesday;29-04-2019;31-03-2020
30-04-2020;2020;2;4;30;4;20202;202004;avril;Thursday;30-04-2019;31-03-2020
01-05-2020;2020;2;5;1;5;20202;202005;mai;Friday;01-05-2019;30-04-2020
02-05-2020;2020;2;5;2;6;20202;202005;mai;Saturday;02-05-2019;30-04-2020
03-05-2020;2020;2;5;3;7;20202;202005;mai;Sunday;03-05-2019;30-04-2020
04-05-2020;2020;2;5;4;1;20202;202005;mai;Monday;04-05-2019;30-04-2020
05-05-2020;2020;2;5;5;2;20202;202005;mai;Tuesday;05-05-2019;30-04-2020
06-05-2020;2020;2;5;6;3;20202;202005;mai;Wednesday;06-05-2019;30-04-2020
07-05-2020;2020;2;5;7;4;20202;202005;mai;Thursday;07-05-2019;30-04-2020
08-05-2020;2020;2;5;8;5;20202;202005;mai;Friday;08-05-2019;30-04-2020
09-05-2020;2020;2;5;9;6;20202;202005;mai;Saturday;09-05-2019;30-04-2020
10-05-2020;2020;2;5;10;7;20202;202005;mai;Sunday;10-05-2019;30-04-2020
11-05-2020;2020;2;5;11;1;20202;202005;mai;Monday;11-05-2019;30-04-2020
12-05-2020;2020;2;5;12;2;20202;202005;mai;Tuesday;12-05-2019;30-04-2020
13-05-2020;2020;2;5;13;3;20202;202005;mai;Wednesday;13-05-2019;30-04-2020
14-05-2020;2020;2;5;14;4;20202;202005;mai;Thursday;14-05-2019;30-04-2020
15-05-2020;2020;2;5;15;5;20202;202005;mai;Friday;15-05-2019;30-04-2020
16-05-2020;2020;2;5;16;6;20202;202005;mai;Saturday;16-05-2019;30-04-2020
17-05-2020;2020;2;5;17;7;20202;202005;mai;Sunday;17-05-2019;30-04-2020
18-05-2020;2020;2;5;18;1;20202;202005;mai;Monday;18-05-2019;30-04-2020
19-05-2020;2020;2;5;19;2;20202;202005;mai;Tuesday;19-05-2019;30-04-2020
20-05-2020;2020;2;5;20;3;20202;202005;mai;Wednesday;20-05-2019;30-04-2020
21-05-2020;2020;2;5;21;4;20202;202005;mai;Thursday;21-05-2019;30-04-2020
22-05-2020;2020;2;5;22;5;20202;202005;mai;Friday;22-05-2019;30-04-2020
23-05-2020;2020;2;5;23;6;20202;202005;mai;Saturday;23-05-2019;30-04-2020
24-05-2020;2020;2;5;24;7;20202;202005;mai;Sunday;24-05-2019;30-04-2020
25-05-2020;2020;2;5;25;1;20202;202005;mai;Monday;25-05-2019;30-04-2020
26-05-2020;2020;2;5;26;2;20202;202005;mai;Tuesday;26-05-2019;30-04-2020
27-05-2020;2020;2;5;27;3;20202;202005;mai;Wednesday;27-05-2019;30-04-2020
28-05-2020;2020;2;5;28;4;20202;202005;mai;Thursday;28-05-2019;30-04-2020
29-05-2020;2020;2;5;29;5;20202;202005;mai;Friday;29-05-2019;30-04-2020
30-05-2020;2020;2;5;30;6;20202;202005;mai;Saturday;30-05-2019;30-04-2020
31-05-2020;2020;2;5;31;7;20202;202005;mai;Sunday;31-05-2019;30-04-2020
01-06-2020;2020;2;6;1;1;20202;202006;juin;Monday;01-06-2019;31-05-2020
02-06-2020;2020;2;6;2;2;20202;202006;juin;Tuesday;02-06-2019;31-05-2020
03-06-2020;2020;2;6;3;3;20202;202006;juin;Wednesday;03-06-2019;31-05-2020
04-06-2020;2020;2;6;4;4;20202;202006;juin;Thursday;04-06-2019;31-05-2020
05-06-2020;2020;2;6;5;5;20202;202006;juin;Friday;05-06-2019;31-05-2020
06-06-2020;2020;2;6;6;6;20202;202006;juin;Saturday;06-06-2019;31-05-2020
07-06-2020;2020;2;6;7;7;20202;202006;juin;Sunday;07-06-2019;31-05-2020
08-06-2020;2020;2;6;8;1;20202;202006;juin;Monday;08-06-2019;31-05-2020
09-06-2020;2020;2;6;9;2;20202;202006;juin;Tuesday;09-06-2019;31-05-2020
10-06-2020;2020;2;6;10;3;20202;202006;juin;Wednesday;10-06-2019;31-05-2020
11-06-2020;2020;2;6;11;4;20202;202006;juin;Thursday;11-06-2019;31-05-2020
12-06-2020;2020;2;6;12;5;20202;202006;juin;Friday;12-06-2019;31-05-2020
13-06-2020;2020;2;6;13;6;20202;202006;juin;Saturday;13-06-2019;31-05-2020
14-06-2020;2020;2;6;14;7;20202;202006;juin;Sunday;14-06-2019;31-05-2020
15-06-2020;2020;2;6;15;1;20202;202006;juin;Monday;15-06-2019;31-05-2020
16-06-2020;2020;2;6;16;2;20202;202006;juin;Tuesday;16-06-2019;31-05-2020
17-06-2020;2020;2;6;17;3;20202;202006;juin;Wednesday;17-06-2019;31-05-2020
18-06-2020;2020;2;6;18;4;20202;202006;juin;Thursday;18-06-2019;31-05-2020
19-06-2020;2020;2;6;19;5;20202;202006;juin;Friday;19-06-2019;31-05-2020
20-06-2020;2020;2;6;20;6;20202;202006;juin;Saturday;20-06-2019;31-05-2020
21-06-2020;2020;2;6;21;7;20202;202006;juin;Sunday;21-06-2019;31-05-2020
22-06-2020;2020;2;6;22;1;20202;202006;juin;Monday;22-06-2019;31-05-2020
23-06-2020;2020;2;6;23;2;20202;202006;juin;Tuesday;23-06-2019;31-05-2020
24-06-2020;2020;2;6;24;3;20202;202006;juin;Wednesday;24-06-2019;31-05-2020
25-06-2020;2020;2;6;25;4;20202;202006;juin;Thursday;25-06-2019;31-05-2020
26-06-2020;2020;2;6;26;5;20202;202006;juin;Friday;26-06-2019;31-05-2020
27-06-2020;2020;2;6;27;6;20202;202006;juin;Saturday;27-06-2019;31-05-2020
28-06-2020;2020;2;6;28;7;20202;202006;juin;Sunday;28-06-2019;31-05-2020
29-06-2020;2020;2;6;29;1;20202;202006;juin;Monday;29-06-2019;31-05-2020
30-06-2020;2020;2;6;30;2;20202;202006;juin;Tuesday;30-06-2019;31-05-2020
01-07-2020;2020;3;7;1;3;20203;202007;juillet;Wednesday;01-07-2019;30-06-2020
02-07-2020;2020;3;7;2;4;20203;202007;juillet;Thursday;02-07-2019;30-06-2020
03-07-2020;2020;3;7;3;5;20203;202007;juillet;Friday;03-07-2019;30-06-2020
04-07-2020;2020;3;7;4;6;20203;202007;juillet;Saturday;04-07-2019;30-06-2020
05-07-2020;2020;3;7;5;7;20203;202007;juillet;Sunday;05-07-2019;30-06-2020
06-07-2020;2020;3;7;6;1;20203;202007;juillet;Monday;06-07-2019;30-06-2020
07-07-2020;2020;3;7;7;2;20203;202007;juillet;Tuesday;07-07-2019;30-06-2020
08-07-2020;2020;3;7;8;3;20203;202007;juillet;Wednesday;08-07-2019;30-06-2020
09-07-2020;2020;3;7;9;4;20203;202007;juillet;Thursday;09-07-2019;30-06-2020
10-07-2020;2020;3;7;10;5;20203;202007;juillet;Friday;10-07-2019;30-06-2020
11-07-2020;2020;3;7;11;6;20203;202007;juillet;Saturday;11-07-2019;30-06-2020
12-07-2020;2020;3;7;12;7;20203;202007;juillet;Sunday;12-07-2019;30-06-2020
13-07-2020;2020;3;7;13;1;20203;202007;juillet;Monday;13-07-2019;30-06-2020
14-07-2020;2020;3;7;14;2;20203;202007;juillet;Tuesday;14-07-2019;30-06-2020
15-07-2020;2020;3;7;15;3;20203;202007;juillet;Wednesday;15-07-2019;30-06-2020
16-07-2020;2020;3;7;16;4;20203;202007;juillet;Thursday;16-07-2019;30-06-2020
17-07-2020;2020;3;7;17;5;20203;202007;juillet;Friday;17-07-2019;30-06-2020
18-07-2020;2020;3;7;18;6;20203;202007;juillet;Saturday;18-07-2019;30-06-2020
19-07-2020;2020;3;7;19;7;20203;202007;juillet;Sunday;19-07-2019;30-06-2020
20-07-2020;2020;3;7;20;1;20203;202007;juillet;Monday;20-07-2019;30-06-2020
21-07-2020;2020;3;7;21;2;20203;202007;juillet;Tuesday;21-07-2019;30-06-2020
22-07-2020;2020;3;7;22;3;20203;202007;juillet;Wednesday;22-07-2019;30-06-2020
23-07-2020;2020;3;7;23;4;20203;202007;juillet;Thursday;23-07-2019;30-06-2020
24-07-2020;2020;3;7;24;5;20203;202007;juillet;Friday;24-07-2019;30-06-2020
25-07-2020;2020;3;7;25;6;20203;202007;juillet;Saturday;25-07-2019;30-06-2020
26-07-2020;2020;3;7;26;7;20203;202007;juillet;Sunday;26-07-2019;30-06-2020
27-07-2020;2020;3;7;27;1;20203;202007;juillet;Monday;27-07-2019;30-06-2020
28-07-2020;2020;3;7;28;2;20203;202007;juillet;Tuesday;28-07-2019;30-06-2020
29-07-2020;2020;3;7;29;3;20203;202007;juillet;Wednesday;29-07-2019;30-06-2020
30-07-2020;2020;3;7;30;4;20203;202007;juillet;Thursday;30-07-2019;30-06-2020
31-07-2020;2020;3;7;31;5;20203;202007;juillet;Friday;31-07-2019;30-06-2020
01-08-2020;2020;3;8;1;6;20203;202008;août;Saturday;01-08-2019;31-07-2020
02-08-2020;2020;3;8;2;7;20203;202008;août;Sunday;02-08-2019;31-07-2020
03-08-2020;2020;3;8;3;1;20203;202008;août;Monday;03-08-2019;31-07-2020
04-08-2020;2020;3;8;4;2;20203;202008;août;Tuesday;04-08-2019;31-07-2020
05-08-2020;2020;3;8;5;3;20203;202008;août;Wednesday;05-08-2019;31-07-2020
06-08-2020;2020;3;8;6;4;20203;202008;août;Thursday;06-08-2019;31-07-2020
07-08-2020;2020;3;8;7;5;20203;202008;août;Friday;07-08-2019;31-07-2020
08-08-2020;2020;3;8;8;6;20203;202008;août;Saturday;08-08-2019;31-07-2020
09-08-2020;2020;3;8;9;7;20203;202008;août;Sunday;09-08-2019;31-07-2020
10-08-2020;2020;3;8;10;1;20203;202008;août;Monday;10-08-2019;31-07-2020
11-08-2020;2020;3;8;11;2;20203;202008;août;Tuesday;11-08-2019;31-07-2020
12-08-2020;2020;3;8;12;3;20203;202008;août;Wednesday;12-08-2019;31-07-2020
13-08-2020;2020;3;8;13;4;20203;202008;août;Thursday;13-08-2019;31-07-2020
14-08-2020;2020;3;8;14;5;20203;202008;août;Friday;14-08-2019;31-07-2020
15-08-2020;2020;3;8;15;6;20203;202008;août;Saturday;15-08-2019;31-07-2020
16-08-2020;2020;3;8;16;7;20203;202008;août;Sunday;16-08-2019;31-07-2020
17-08-2020;2020;3;8;17;1;20203;202008;août;Monday;17-08-2019;31-07-2020
18-08-2020;2020;3;8;18;2;20203;202008;août;Tuesday;18-08-2019;31-07-2020
19-08-2020;2020;3;8;19;3;20203;202008;août;Wednesday;19-08-2019;31-07-2020
20-08-2020;2020;3;8;20;4;20203;202008;août;Thursday;20-08-2019;31-07-2020
21-08-2020;2020;3;8;21;5;20203;202008;août;Friday;21-08-2019;31-07-2020
22-08-2020;2020;3;8;22;6;20203;202008;août;Saturday;22-08-2019;31-07-2020
23-08-2020;2020;3;8;23;7;20203;202008;août;Sunday;23-08-2019;31-07-2020
24-08-2020;2020;3;8;24;1;20203;202008;août;Monday;24-08-2019;31-07-2020
25-08-2020;2020;3;8;25;2;20203;202008;août;Tuesday;25-08-2019;31-07-2020
26-08-2020;2020;3;8;26;3;20203;202008;août;Wednesday;26-08-2019;31-07-2020
27-08-2020;2020;3;8;27;4;20203;202008;août;Thursday;27-08-2019;31-07-2020
28-08-2020;2020;3;8;28;5;20203;202008;août;Friday;28-08-2019;31-07-2020
29-08-2020;2020;3;8;29;6;20203;202008;août;Saturday;29-08-2019;31-07-2020
30-08-2020;2020;3;8;30;7;20203;202008;août;Sunday;30-08-2019;31-07-2020
31-08-2020;2020;3;8;31;1;20203;202008;août;Monday;31-08-2019;31-07-2020
01-09-2020;2020;3;9;1;2;20203;202009;septembre;Tuesday;01-09-2019;31-08-2020
02-09-2020;2020;3;9;2;3;20203;202009;septembre;Wednesday;02-09-2019;31-08-2020
03-09-2020;2020;3;9;3;4;20203;202009;septembre;Thursday;03-09-2019;31-08-2020
04-09-2020;2020;3;9;4;5;20203;202009;septembre;Friday;04-09-2019;31-08-2020
05-09-2020;2020;3;9;5;6;20203;202009;septembre;Saturday;05-09-2019;31-08-2020
06-09-2020;2020;3;9;6;7;20203;202009;septembre;Sunday;06-09-2019;31-08-2020
07-09-2020;2020;3;9;7;1;20203;202009;septembre;Monday;07-09-2019;31-08-2020
08-09-2020;2020;3;9;8;2;20203;202009;septembre;Tuesday;08-09-2019;31-08-2020
09-09-2020;2020;3;9;9;3;20203;202009;septembre;Wednesday;09-09-2019;31-08-2020
10-09-2020;2020;3;9;10;4;20203;202009;septembre;Thursday;10-09-2019;31-08-2020
11-09-2020;2020;3;9;11;5;20203;202009;septembre;Friday;11-09-2019;31-08-2020
12-09-2020;2020;3;9;12;6;20203;202009;septembre;Saturday;12-09-2019;31-08-2020
13-09-2020;2020;3;9;13;7;20203;202009;septembre;Sunday;13-09-2019;31-08-2020
14-09-2020;2020;3;9;14;1;20203;202009;septembre;Monday;14-09-2019;31-08-2020
15-09-2020;2020;3;9;15;2;20203;202009;septembre;Tuesday;15-09-2019;31-08-2020
16-09-2020;2020;3;9;16;3;20203;202009;septembre;Wednesday;16-09-2019;31-08-2020
17-09-2020;2020;3;9;17;4;20203;202009;septembre;Thursday;17-09-2019;31-08-2020
18-09-2020;2020;3;9;18;5;20203;202009;septembre;Friday;18-09-2019;31-08-2020
19-09-2020;2020;3;9;19;6;20203;202009;septembre;Saturday;19-09-2019;31-08-2020
20-09-2020;2020;3;9;20;7;20203;202009;septembre;Sunday;20-09-2019;31-08-2020
21-09-2020;2020;3;9;21;1;20203;202009;septembre;Monday;21-09-2019;31-08-2020
22-09-2020;2020;3;9;22;2;20203;202009;septembre;Tuesday;22-09-2019;31-08-2020
23-09-2020;2020;3;9;23;3;20203;202009;septembre;Wednesday;23-09-2019;31-08-2020
24-09-2020;2020;3;9;24;4;20203;202009;septembre;Thursday;24-09-2019;31-08-2020
25-09-2020;2020;3;9;25;5;20203;202009;septembre;Friday;25-09-2019;31-08-2020
26-09-2020;2020;3;9;26;6;20203;202009;septembre;Saturday;26-09-2019;31-08-2020
27-09-2020;2020;3;9;27;7;20203;202009;septembre;Sunday;27-09-2019;31-08-2020
28-09-2020;2020;3;9;28;1;20203;202009;septembre;Monday;28-09-2019;31-08-2020
29-09-2020;2020;3;9;29;2;20203;202009;septembre;Tuesday;29-09-2019;31-08-2020
30-09-2020;2020;3;9;30;3;20203;202009;septembre;Wednesday;30-09-2019;31-08-2020
01-10-2020;2020;4;10;1;4;20204;202010;octobre;Thursday;01-10-2019;30-09-2020
02-10-2020;2020;4;10;2;5;20204;202010;octobre;Friday;02-10-2019;30-09-2020
03-10-2020;2020;4;10;3;6;20204;202010;octobre;Saturday;03-10-2019;30-09-2020
04-10-2020;2020;4;10;4;7;20204;202010;octobre;Sunday;04-10-2019;30-09-2020
05-10-2020;2020;4;10;5;1;20204;202010;octobre;Monday;05-10-2019;30-09-2020
06-10-2020;2020;4;10;6;2;20204;202010;octobre;Tuesday;06-10-2019;30-09-2020
07-10-2020;2020;4;10;7;3;20204;202010;octobre;Wednesday;07-10-2019;30-09-2020
08-10-2020;2020;4;10;8;4;20204;202010;octobre;Thursday;08-10-2019;30-09-2020
09-10-2020;2020;4;10;9;5;20204;202010;octobre;Friday;09-10-2019;30-09-2020
10-10-2020;2020;4;10;10;6;20204;202010;octobre;Saturday;10-10-2019;30-09-2020
11-10-2020;2020;4;10;11;7;20204;202010;octobre;Sunday;11-10-2019;30-09-2020
12-10-2020;2020;4;10;12;1;20204;202010;octobre;Monday;12-10-2019;30-09-2020
13-10-2020;2020;4;10;13;2;20204;202010;octobre;Tuesday;13-10-2019;30-09-2020
14-10-2020;2020;4;10;14;3;20204;202010;octobre;Wednesday;14-10-2019;30-09-2020
15-10-2020;2020;4;10;15;4;20204;202010;octobre;Thursday;15-10-2019;30-09-2020
16-10-2020;2020;4;10;16;5;20204;202010;octobre;Friday;16-10-2019;30-09-2020
17-10-2020;2020;4;10;17;6;20204;202010;octobre;Saturday;17-10-2019;30-09-2020
18-10-2020;2020;4;10;18;7;20204;202010;octobre;Sunday;18-10-2019;30-09-2020
19-10-2020;2020;4;10;19;1;20204;202010;octobre;Monday;19-10-2019;30-09-2020
20-10-2020;2020;4;10;20;2;20204;202010;octobre;Tuesday;20-10-2019;30-09-2020
21-10-2020;2020;4;10;21;3;20204;202010;octobre;Wednesday;21-10-2019;30-09-2020
22-10-2020;2020;4;10;22;4;20204;202010;octobre;Thursday;22-10-2019;30-09-2020
23-10-2020;2020;4;10;23;5;20204;202010;octobre;Friday;23-10-2019;30-09-2020
24-10-2020;2020;4;10;24;6;20204;202010;octobre;Saturday;24-10-2019;30-09-2020
25-10-2020;2020;4;10;25;7;20204;202010;octobre;Sunday;25-10-2019;30-09-2020
26-10-2020;2020;4;10;26;1;20204;202010;octobre;Monday;26-10-2019;30-09-2020
27-10-2020;2020;4;10;27;2;20204;202010;octobre;Tuesday;27-10-2019;30-09-2020
28-10-2020;2020;4;10;28;3;20204;202010;octobre;Wednesday;28-10-2019;30-09-2020
29-10-2020;2020;4;10;29;4;20204;202010;octobre;Thursday;29-10-2019;30-09-2020
30-10-2020;2020;4;10;30;5;20204;202010;octobre;Friday;30-10-2019;30-09-2020
31-10-2020;2020;4;10;31;6;20204;202010;octobre;Saturday;31-10-2019;30-09-2020
01-11-2020;2020;4;11;1;7;20204;202011;novembre;Sunday;01-11-2019;31-10-2020
02-11-2020;2020;4;11;2;1;20204;202011;novembre;Monday;02-11-2019;31-10-2020
03-11-2020;2020;4;11;3;2;20204;202011;novembre;Tuesday;03-11-2019;31-10-2020
04-11-2020;2020;4;11;4;3;20204;202011;novembre;Wednesday;04-11-2019;31-10-2020
05-11-2020;2020;4;11;5;4;20204;202011;novembre;Thursday;05-11-2019;31-10-2020
06-11-2020;2020;4;11;6;5;20204;202011;novembre;Friday;06-11-2019;31-10-2020
07-11-2020;2020;4;11;7;6;20204;202011;novembre;Saturday;07-11-2019;31-10-2020
08-11-2020;2020;4;11;8;7;20204;202011;novembre;Sunday;08-11-2019;31-10-2020
09-11-2020;2020;4;11;9;1;20204;202011;novembre;Monday;09-11-2019;31-10-2020
10-11-2020;2020;4;11;10;2;20204;202011;novembre;Tuesday;10-11-2019;31-10-2020
11-11-2020;2020;4;11;11;3;20204;202011;novembre;Wednesday;11-11-2019;31-10-2020
12-11-2020;2020;4;11;12;4;20204;202011;novembre;Thursday;12-11-2019;31-10-2020
13-11-2020;2020;4;11;13;5;20204;202011;novembre;Friday;13-11-2019;31-10-2020
14-11-2020;2020;4;11;14;6;20204;202011;novembre;Saturday;14-11-2019;31-10-2020
15-11-2020;2020;4;11;15;7;20204;202011;novembre;Sunday;15-11-2019;31-10-2020
16-11-2020;2020;4;11;16;1;20204;202011;novembre;Monday;16-11-2019;31-10-2020
17-11-2020;2020;4;11;17;2;20204;202011;novembre;Tuesday;17-11-2019;31-10-2020
18-11-2020;2020;4;11;18;3;20204;202011;novembre;Wednesday;18-11-2019;31-10-2020
19-11-2020;2020;4;11;19;4;20204;202011;novembre;Thursday;19-11-2019;31-10-2020
20-11-2020;2020;4;11;20;5;20204;202011;novembre;Friday;20-11-2019;31-10-2020
21-11-2020;2020;4;11;21;6;20204;202011;novembre;Saturday;21-11-2019;31-10-2020
22-11-2020;2020;4;11;22;7;20204;202011;novembre;Sunday;22-11-2019;31-10-2020
23-11-2020;2020;4;11;23;1;20204;202011;novembre;Monday;23-11-2019;31-10-2020
24-11-2020;2020;4;11;24;2;20204;202011;novembre;Tuesday;24-11-2019;31-10-2020
25-11-2020;2020;4;11;25;3;20204;202011;novembre;Wednesday;25-11-2019;31-10-2020
26-11-2020;2020;4;11;26;4;20204;202011;novembre;Thursday;26-11-2019;31-10-2020
27-11-2020;2020;4;11;27;5;20204;202011;novembre;Friday;27-11-2019;31-10-2020
28-11-2020;2020;4;11;28;6;20204;202011;novembre;Saturday;28-11-2019;31-10-2020
29-11-2020;2020;4;11;29;7;20204;202011;novembre;Sunday;29-11-2019;31-10-2020
30-11-2020;2020;4;11;30;1;20204;202011;novembre;Monday;30-11-2019;31-10-2020
01-12-2020;2020;4;12;1;2;20204;202012;décembre;Tuesday;01-12-2019;30-11-2020
02-12-2020;2020;4;12;2;3;20204;202012;décembre;Wednesday;02-12-2019;30-11-2020
03-12-2020;2020;4;12;3;4;20204;202012;décembre;Thursday;03-12-2019;30-11-2020
04-12-2020;2020;4;12;4;5;20204;202012;décembre;Friday;04-12-2019;30-11-2020
05-12-2020;2020;4;12;5;6;20204;202012;décembre;Saturday;05-12-2019;30-11-2020
06-12-2020;2020;4;12;6;7;20204;202012;décembre;Sunday;06-12-2019;30-11-2020
07-12-2020;2020;4;12;7;1;20204;202012;décembre;Monday;07-12-2019;30-11-2020
08-12-2020;2020;4;12;8;2;20204;202012;décembre;Tuesday;08-12-2019;30-11-2020
09-12-2020;2020;4;12;9;3;20204;202012;décembre;Wednesday;09-12-2019;30-11-2020
10-12-2020;2020;4;12;10;4;20204;202012;décembre;Thursday;10-12-2019;30-11-2020
11-12-2020;2020;4;12;11;5;20204;202012;décembre;Friday;11-12-2019;30-11-2020
12-12-2020;2020;4;12;12;6;20204;202012;décembre;Saturday;12-12-2019;30-11-2020
13-12-2020;2020;4;12;13;7;20204;202012;décembre;Sunday;13-12-2019;30-11-2020
14-12-2020;2020;4;12;14;1;20204;202012;décembre;Monday;14-12-2019;30-11-2020
15-12-2020;2020;4;12;15;2;20204;202012;décembre;Tuesday;15-12-2019;30-11-2020
16-12-2020;2020;4;12;16;3;20204;202012;décembre;Wednesday;16-12-2019;30-11-2020
17-12-2020;2020;4;12;17;4;20204;202012;décembre;Thursday;17-12-2019;30-11-2020
18-12-2020;2020;4;12;18;5;20204;202012;décembre;Friday;18-12-2019;30-11-2020
19-12-2020;2020;4;12;19;6;20204;202012;décembre;Saturday;19-12-2019;30-11-2020
20-12-2020;2020;4;12;20;7;20204;202012;décembre;Sunday;20-12-2019;30-11-2020
21-12-2020;2020;4;12;21;1;20204;202012;décembre;Monday;21-12-2019;30-11-2020
22-12-2020;2020;4;12;22;2;20204;202012;décembre;Tuesday;22-12-2019;30-11-2020
23-12-2020;2020;4;12;23;3;20204;202012;décembre;Wednesday;23-12-2019;30-11-2020
24-12-2020;2020;4;12;24;4;20204;202012;décembre;Thursday;24-12-2019;30-11-2020
25-12-2020;2020;4;12;25;5;20204;202012;décembre;Friday;25-12-2019;30-11-2020
26-12-2020;2020;4;12;26;6;20204;202012;décembre;Saturday;26-12-2019;30-11-2020
27-12-2020;2020;4;12;27;7;20204;202012;décembre;Sunday;27-12-2019;30-11-2020
28-12-2020;2020;4;12;28;1;20204;202012;décembre;Monday;28-12-2019;30-11-2020
29-12-2020;2020;4;12;29;2;20204;202012;décembre;Tuesday;29-12-2019;30-11-2020
30-12-2020;2020;4;12;30;3;20204;202012;décembre;Wednesday;30-12-2019;30-11-2020
31-12-2020;2020;4;12;31;4;20204;202012;décembre;Thursday;31-12-2019;30-11-2020
